Depth mm.,d18O VPDB
0.1,-7.18
0.5,-7.32
1,-7.1
1.5,-7.28
2,-7.27
2.5,-7.52
3,-7.53
3.5,-8.07
4,-8.14
4.5,-7.76
5,-7.53
5.3,-7.52
5.5,-7.67
5.8,-7.56
6,-7.71
6.3,-7.49
6.5,-7.81
6.8,-7.61
7,-8.09
7.3,-7.65
7.5,-7.84
7.8,-7.42
7.9,-7.47
8,-7.97
8.1,-7.77
8.3,-7.61
8.5,-7.82
8.8,-7.51
9,-8
9.3,-7.49
9.5,-7.7
9.8,-7.51
10,-7.78
10.3,-7.69
10.5,-7.91
10.8,-7.72
11,-7.58
11.3,-7.54
11.5,-7.57
11.8,-7.54
12,-7.92
12.3,-7.44
12.5,-7.71
12.8,-7.57
13,-7.49
13.5,-7.66
14,-8.08
14.5,-7.59
15,-7.57
15.5,-7.75
16,-7.77
16.5,-7.84
17,-6.99
17.5,-7.64
18,-7.67
18.5,-7.53
19,-7.62
19.5,-7.63
20,-7.89
20.5,-7.57
21,-7.19
21.5,-7.37
22,-7.59
22.5,-7.47
23,-7.58
23.5,-7.57
24,-7.19
24.5,-7.07
25,-7.62
25.5,-7.65
26,-7.43
26.5,-7.68
27,-7.66
27.5,-7.41
28,-7.08
28.5,-7.2
29,-7.48
29.5,-7.16
30,-7.21
30.5,-7.19
31,-7.31
31.5,-7.52
32,-7.25
32.5,-7.44
33,-7.55
33.5,-7.59
34,-7.44
34.5,-7.17
35,-7.34
35.5,-7.49
36,-7.67
36.5,-7.32
37,-7.39
37.5,-7.18
38,-6.96
38.5,-7.38
39,-7.19
39.5,-7.35
40,-7.52
40.5,-7.44
41,-7.21
41.5,-7.6
42,-7.47
42.5,-7.21
43,-7.46
43.5,-7.4
44,-7.61
44.5,-7.26
45,-7
45.5,-6.95
46,-6.64
46.5,-7.14
47,-7.26
47.5,-7.29
48,-7.21
48.5,-7.41
49,-7.43
49.5,-7.39
50,-7.35
50.5,-7.47
51,-7.19
51.5,-7.05
52,-7.37
52.5,-7.2
53,-7.34
53.5,-7.19
54,-7.31
54.5,-6.98
55,-7.02
55.5,-7.1
56,-7.15
56.5,-7.24
57,-7.13
57.5,-6.66
58,-7.26
58.5,-7.47
59,-7.3
59.5,-7.15
60,-7.21
60.5,-7.23
61,-7.56
61.5,-7.39
62,-6.74
62.5,-7.08
63,-6.92
63.5,-7.16
64,-7.4
64.5,-7.09
65,-7.12
65.5,-6.94
66,-6.65
66.5,-7.57
67,-7.71
67.5,-7.27
68,-7.23
68.5,-7.48
69,-7.37
69.5,-7.39
70,-7.38
70.5,-7.46
71,-7.31
71.5,-7.21
72,-7.32
72.5,-7.3
73,-7.21
73.5,-7.24
74,-7.28
74.5,-7.16
75,-7.17
75.3,-7.28
75.5,-7.1
76,-7.11
76.3,-7.14
76.5,-7.2
77,-7.54
77.3,-7.43
77.5,-7.47
78,-7.5
78.3,-7.43
78.5,-7.35
79,-7.26
79.3,-7.28
79.5,-7.23
80,-7.29
80.3,-7.27
80.5,-7.15
81,-7.56
81.3,-7.61
81.5,-7.48
82,-7.24
82.3,-7.42
82.5,-7.41
83,-7.74
83.3,-7.6
83.5,-7.75
84,-7.63
84.3,-7.64
84.5,-7.55
85,-7.59
85.3,-7.61
85.5,-7.61
86,-7.36
86.3,-7.44
86.5,-7.38
87,-7.35
87.3,-7.27
87.5,-7.25
88,-7.52
88.3,-7.17
88.5,-7.4
89,-7.21
89.3,-7.29
89.5,-7.19
90,-6.99
90.3,-7.12
90.5,-7.08
91,-7.11
91.3,-7.27
91.5,-7.17
92,-7.08
92.3,-7.19
92.5,-7.24
93,-7.21
93.3,-7.28
93.5,-7.53
94,-7.41
94.3,-7.31
94.5,-7.24
95,-7.21
95.5,-7.32
96,-7.27
96.5,-7.05
97,-7.12
97.5,-7.31
98,-7.19
98.5,-7.38
99,-7.4
99.5,-7.16
100,-7.3
100.5,-7.21
101,-6.87
101.5,-7.22
102,-7.15
102.5,-7.38
103,-7.37
103.5,-7.12
104,-7.16
104.5,-7.32
105,-7.46
105.5,-7.25
106,-6.78
106.5,-7.12
107,-7.18
107.5,-7.44
108,-7.2
108.5,-7.22
109,-7.34
109.5,-7.23
110,-7.39
110.5,-7.5
111,-7.01
111.5,-7.21
112,-7.33
112.5,-7.28
113,-7.26
113.5,-7.24
114,-7.26
114.5,-7.2
115,-6.98
115.5,-7.11
116,-7.11
116.5,-7.06
117,-7.29
117.5,-7.4
118,-7.43
118.5,-7.57
119,-7.55
119.5,-7.45
120,-7.28
120.5,-7.49
121,-7.46
121.5,-7.08
122,-7.45
122.5,-7.5
123,-7.22
123.5,-7.04
124,-7.15
124.5,-7.07
125,-7.31
125.5,-7.58
126,-7.33
126.5,-7.44
127,-7.6
127.5,-7.51
128,-7.17
128.5,-7.21
129,-7.05
129.5,-7.38
130,-7.18
130.5,-7.69
131,-7.33
131.5,-7.45
132,-7.31
132.5,-7.37
133,-7.44
133.5,-7.29
134,-7.27
134.5,-6.76
135,-7.17
135.5,-7.46
136,-7.55
136.3,-7.47
136.5,-7.27
136.8,-7.27
137,-7.49
137.3,-7.52
137.5,-7.54
137.8,-7.35
138,-7.21
138.3,-7.21
138.5,-7.2
138.8,-7.32
139,-7.36
139.3,-7.36
139.5,-7.35
139.8,-7.34
140,-7.48
140.3,-7.45
140.5,-7.36
140.8,-7.2
141,-7.18
141.3,-7.25
141.5,-7.26
141.8,-7.42
142,-7.45
142.5,-7.46
143,-7.43
143.5,-7.51
144,-7.02
144.5,-7.31
145,-7.39
145.5,-7.09
146,-6.98
146.5,-7.13
147,-7.08
147.5,-7.43
148,-7.56
148.5,-7.36
149,-7.26
149.5,-7.4
150,-7.33
150.5,-7.28
151,-7.29
151.5,-7.54
152,-7.39
152.5,-7.22
153,-7.45
153.5,-7.32
154,-7.12
154.5,-7.37
155,-7.34
155.5,-7.49
156,-7.42
156.5,-7.29
157,-6.88
157.5,-6.89
158,-7.12
158.5,-7.01
159,-7.02
159.5,-7.62
160,-7.47
160.5,-7.16
161,-6.95
161.5,-7.01
162,-7.38
162.5,-7.28
163,-7.1
163.5,-6.98
164,-7.29
164.5,-7.22
165,-6.84
165.5,-6.9
166,-7.19
166.5,-7.25
167,-7.12
167.5,-7.24
168,-7.01
168.5,-6.9
169,-7.02
169.5,-6.85
170,-6.93
170.5,-7.31
171,-7.15
171.5,-7.27
172,-7.41
172.5,-7.3
173,-7.06
173.5,-7.18
174,-6.85
174.5,-7.02
175,-7.02
175.5,-7.29
176,-7.27
176.5,-7.3
177,-7.28
177.5,-7.38
178,-6.98
178.5,-7.22
179,-7.39
179.5,-7.04
180,-7.18
180.5,-6.94
181,-7.35
181.5,-7.41
182,-7.45
182.5,-7.38
183,-7.26
183.5,-7.09
184,-7.26
184.5,-7.37
185,-7.36
185.5,-7.26
186,-7.33
186.5,-7.09
187,-7.28
187.5,-7.2
188,-7.16
188.5,-7.22
189,-7.5
189.5,-7.5
190,-7.22
190.5,-7.38
191,-7.32
191.5,-7.38
192,-6.96
192.5,-7.16
193,-7.25
193.5,-7.14
194,-7.27
194.5,-7.23
195,-7.29
195.5,-7.23
196,-7.2
196.5,-7.2
197,-7.31
197.5,-7.4
198,-7.55
198.5,-7.18
199,-7.34
199.5,-7.22
200,-7.54
200.5,-7.57
201,-7.57
201.5,-7.52
202,-7.4
202.5,-7.54
203,-7.42
203.5,-7.47
204,-7.48
204.5,-7.55
205,-7.62
205.5,-7.52
206,-7.43
206.5,-7.29
207,-7.45
207.5,-7.62
208,-7.56
208.5,-7.06
209,-7.28
209.5,-7.41
210,-7.41
210.5,-7.32
211,-7.38
211.5,-7.31
212,-7.33
212.5,-7.43
213,-7.27
213.5,-7.44
214,-7.42
214.5,-7.14
215,-7.41
215.5,-7.21
216,-7.32
216.5,-7.3
217,-7.2
217.5,-6.82
218,-7.28
218.5,-7.42
219,-7.49
219.5,-7.45
220,-7.41
220.5,-7.38
221,-7.34
221.5,-7.33
222,-7.4
222.5,-7.4
223,-7.32
223.5,-7.29
224,-7.48
224.5,-7.4
225,-7.52
225.5,-7.49
226,-7.25
226.5,-7.53
227,-7.41
227.5,-7.46
228,-7.64
228.5,-7.67
229,-7.66
229.5,-7.61
230,-7.46
230.5,-7.3
231,-7.33
231.5,-7.33
232,-7.32
232.5,-7.32
233,-7.16
233.5,-7.37
234,-7.56
234.5,-7.42
235,-7.44
235.5,-7.42
236,-7.52
236.5,-7.48
237,-7.44
237.5,-7.34
238,-7.43
238.5,-7.45
239,-7.48
239.5,-7.51
240,-7.47
240.5,-7.4
241,-7.36
241.5,-7.44
242,-7.4
242.5,-7.35
243,-7.49
243.5,-7.47
244,-7.45
244.5,-7.26
245,-7.46
245.5,-7.6
246,-7.56
246.5,-7.64
247,-7.66
247.5,-7.66
248,-7.61
248.5,-7.29
249,-7.59
249.5,-7.63
250,-7.51
250.5,-7.49
251,-7.37
251.5,-7.46
252,-7.33
252.5,-7.44
253,-7.54
253.5,-7.45
254,-7.55
254.5,-7.63
255,-7.73
255.5,-7.63
256,-7.54
256.5,-7.45
257,-7.49
257.5,-7.44
258,-7.34
258.5,-7.4
259,-7.38
259.5,-7.41
260,-7.53
260.5,-7.66
261,-7.6
261.5,-7.61
262,-7.46
262.5,-7.44
263,-7.67
263.5,-7.62
264,-7.6
264.5,-7.55
265,-7.64
265.5,-7.66
266,-7.5
266.5,-7.56
267,-7.62
267.5,-7.65
268,-7.38
268.5,-7.24
269,-7.48
269.5,-7.55
270,-7.57
270.5,-7.75
271,-7.66
271.5,-7.6
272,-7.55
272.5,-7.57
273,-7.54
273.5,-7.34
274,-7.38
274.5,-7.55
275,-7.35
275.5,-7.43
276,-7.41
276.5,-7.42
277,-7.32
277.5,-7.13
278,-7.21
278.5,-7.43
279,-7.19
279.5,-7.23
280,-7.53
280.5,-7.31
281,-7.17
281.5,-7.37
282,-7.34
282.5,-7.39
283,-7.54
283.5,-7.57
284,-7.67
284.5,-7.59
285,-7.71
285.5,-7.58
286,-7.49
286.5,-7.52
287,-7.46
287.5,-7.49
288,-7.49
288.5,-7.41
289,-7.75
289.5,-7.53
290,-7.44
290.5,-7.29
291,-7.45
291.5,-7.41
292,-7.39
292.5,-7.32
293,-7.37
293.5,-7.53
294,-7.59
294.5,-7.41
295,-7.3
295.5,-7.31
296,-7.23
296.5,-7.36
297,-7.52
297.5,-7.47
298,-7.41
298.5,-7.49
299,-7.62
299.5,-7.41
300,-7.31
300.5,-7.19
301,-7.34
301.5,-7.52
302,-7.52
302.5,-7.52
303,-7.59
303.5,-7.51
304,-7.56
304.5,-7.62
305,-7.39
305.5,-7.46
306,-7.42
306.5,-7.45
307,-7.54
307.5,-7.47
308,-7.55
308.5,-7.46
309,-7.52
309.5,-7.46
310,-7.48
310.5,-7.48
310.8,-7.43
311,-7.46
311.3,-7.45
311.5,-7.16
311.8,-7.26
312,-7.49
312.3,-7.31
312.5,-7.25
312.8,-7.11
313,-7.23
313.3,-7
313.5,-7.26
313.8,-7.09
314,-7.21
314.3,-6.98
314.5,-7.32
314.8,-7.22
315,-7.2
315.3,-7.25
315.5,-7.21
315.8,-7.21
316,-7.32
316.3,-7.08
316.5,-7.26
317,-7.38
317.5,-7.4
318,-7.49
318.5,-7.47
319,-7.37
319.5,-7.15
320,-7.49
320.5,-7.4
321,-7.54
321.5,-7.15
322,-7.32
322.5,-7.31
323,-7.4
323.5,-7.51
324,-7.52
324.5,-7.64
325,-7.58
325.5,-7.31
326,-7.38
326.5,-7.31
327,-7.64
327.5,-7.64
328,-7.39
328.5,-7.63
329,-7.47
329.5,-7.45
330,-7.4
330.5,-7.63
331,-7.76
331.5,-7.63
332,-7.75
332.5,-7.62
333,-7.56
333.5,-7.44
334,-7.54
334.5,-7.47
335,-7.46
335.5,-7.23
336,-7.66
336.5,-7.62
337,-7.66
337.5,-7.7
338,-7.78
338.5,-7.72
339,-7.61
339.5,-7.64
340,-7.78
340.5,-7.81
341,-7.8
341.5,-7.77
342,-7.81
342.5,-7.72
343,-7.85
343.5,-7.81
344,-7.6
344.5,-7.47
345,-7.14
345.5,-7.31
346,-7.51
346.5,-7.87
347,-7.81
347.5,-7.65
348,-7.73
348.5,-7.6
349,-7.7
349.5,-7.66
350,-7.73
350.5,-7.7
351,-7.64
351.5,-7.76
352,-7.78
352.5,-7.64
353,-7.56
353.5,-7.51
354,-7.49
354.5,-7.77
355,-7.6
355.5,-7.57
356,-7.85
356.5,-7.81
357,-7.79
357.5,-7.72
358,-7.7
358.5,-7.52
359,-7.46
359.5,-7.64
360,-7.65
360.5,-7.76
361,-7.73
361.5,-7.79
362,-7.66
362.5,-7.75
363,-7.81
363.5,-7.8
364,-7.63
364.5,-7.78
365,-7.67
365.5,-7.74
366,-7.71
366.5,-7.72
367,-7.58
367.5,-7.45
368,-7.22
368.5,-7.37
369,-7.6
369.5,-7.75
370,-7.56
370.5,-7.53
371,-7.42
371.5,-7.59
372,-7.71
372.5,-7.52
373,-7.61
373.5,-7.54
374,-7.39
374.5,-7.54
375,-7.74
375.5,-7.62
376,-7.68
376.5,-7.68
377,-7.6
377.5,-7.61
378,-7.68
378.5,-7.87
379,-7.78
379.5,-7.79
380,-7.66
380.5,-7.68
381,-7.72
381.5,-7.74
382,-7.77
382.5,-7.79
383,-7.67
383.5,-7.69
384,-7.64
384.5,-7.7
385,-7.8
385.5,-7.75
386,-7.72
386.5,-7.77
387,-7.83
387.5,-7.77
388,-7.88
388.5,-7.79
389,-7.79
389.5,-7.86
390,-7.71
390.5,-7.85
391,-7.65
391.5,-7.85
392,-7.94
392.5,-7.74
393,-7.75
393.5,-7.72
394,-7.68
394.5,-7.78
395,-7.68
395.5,-7.79
396,-7.65
396.5,-7.75
397,-7.53
397.5,-7.7
398,-7.84
398.5,-7.67
399,-7.72
399.5,-7.95
400,-7.74
400.5,-7.71
401,-7.66
401.5,-7.72
402,-7.64
402.5,-7.56
403,-7.45
403.5,-7.78
404,-7.62
404.5,-7.74
405,-7.69
405.5,-7.83
406,-7.64
406.5,-7.68
407,-7.63
407.5,-7.79
408,-7.52
408.5,-7.62
409,-7.76
409.5,-7.74
410,-7.78
410.5,-7.58
411,-7.86
411.5,-7.66
412,-7.75
412.5,-7.84
413,-7.8
413.5,-7.67
414,-7.8
414.5,-7.78
415,-7.89
415.5,-7.9
416,-7.86
416.5,-7.87
417,-7.75
417.5,-7.82
418,-7.88
418.5,-7.66
419,-7.82
419.5,-7.91
420,-7.95
420.5,-7.97
421,-7.5
421.5,-7.61
422,-7.87
422.5,-7.9
423,-7.97
423.5,-7.92
424,-7.49
424.5,-7.98
425,-7.86
425.5,-7.91
426,-8.05
426.5,-7.97
427,-7.93
427.5,-7.75
428,-7.83
428.5,-7.71
429,-8.08
429.5,-7.69
430,-7.99
430.5,-7.88
431,-7.87
431.5,-7.96
432,-7.86
432.5,-7.98
433,-8.08
433.5,-8
434,-8.19
434.5,-8.13
435,-8.18
435.5,-8.07
436,-8.11
436.5,-8.15
437,-8.09
437.5,-7.99
438,-8.08
438.5,-7.99
439,-7.84
439.5,-7.94
440,-8.05
440.5,-8.08
441,-7.77
441.5,-7.78
442,-7.96
442.5,-7.78
443,-7.74
443.5,-7.85
444,-7.81
444.5,-7.73
445,-7.53
445.5,-7.72
446,-7.83
446.5,-7.82
447,-7.84
447.5,-7.73
448,-7.84
448.5,-7.72
449,-7.79
449.5,-7.67
450,-7.85
450.5,-7.89
451,-7.52
451.5,-7.61
452,-7.71
452.5,-8.03
453,-7.96
453.5,-7.94
454,-7.77
454.5,-7.96
455,-7.85
455.5,-7.91
456,-7.98
456.5,-7.92
457,-8.02
457.5,-7.87
458,-7.95
458.5,-7.7
459,-8
459.5,-7.91
460,-7.97
460.5,-7.76
461,-7.37
461.5,-7.48
462,-7.66
462.5,-7.79
463,-7.86
463.5,-7.74
464,-7.88
464.5,-7.83
465,-7.83
465.5,-7.8
466,-7.65
466.5,-7.7
467,-7.66
467.5,-7.87
468,-7.78
468.5,-7.81
469,-7.93
469.5,-7.78
470,-7.78
470.5,-7.84
471,-7.85
471.5,-7.87
472,-7.97
472.5,-8.08
473,-8.02
473.5,-8.04
474,-8.13
474.5,-8.07
475,-8.16
475.5,-8.06
476,-7.99
476.5,-8.1
477,-7.99
477.5,-8
478,-7.96
478.5,-8
479,-7.74
479.5,-7.76
480,-7.9
480.5,-7.83
481,-7.85
481.5,-7.81
482,-7.81
482.5,-7.72
483,-7.69
483.5,-7.81
484,-7.81
484.5,-7.76
485,-7.61
485.5,-7.69
486,-7.64
486.5,-7.66
487,-8.16
487.5,-7.95
488,-8.28
488.5,-7.79
489,-7.52
489.5,-8.06
490,-8.38
490.5,-8.38
491,-8.33
491.5,-8.39
492,-8.44
492.5,-8.34
493,-8.23
493.5,-8.41
494,-8.28
494.5,-8.37
495,-8.41
495.5,-8.36
496,-8.22
496.5,-8.16
497,-8.35
497.5,-8.22
498,-7.75
498.5,-7.91
499,-8.11
499.5,-8.07
500,-8.22
500.5,-8.13
501,-8.17
501.5,-8.12
502,-8.2
502.5,-8.32
503,-8.2
503.5,-8.21
504,-8.1
504.5,-7.95
505,-8.01
505.5,-7.97
506,-8.02
506.5,-8.07
507,-8.04
507.5,-8.03
508,-7.71
508.5,-7.87
509,-8.07
509.5,-8.13
510,-8.29
510.5,-8.18
511,-8.31
511.5,-8.23
512,-8.09
512.5,-8.19
513,-8.22
513.5,-8.18
514,-8.14
514.5,-8.26
515,-8.15
515.5,-8.02
516,-8.13
516.5,-8.1
517,-8.22
517.5,-8.27
518,-8.11
518.5,-8.26
519,-8.36
519.5,-8.32
520,-8.35
520.5,-8.42
521,-8.12
521.5,-8.1
522,-8
522.5,-8.2
523,-8.14
523.5,-8.19
524,-8.26
524.5,-8.25
525,-8.17
525.5,-8.23
526,-8.32
526.5,-8.23
527,-8.2
527.5,-8.1
528,-8.35
528.5,-8.2
529,-8.13
529.5,-8.16
530,-8.07
530.5,-7.98
531,-8.01
531.5,-8
532,-8.11
532.5,-8.18
533,-8.14
533.5,-8.04
534,-8.21
534.5,-8.07
535,-8.13
535.5,-8.23
536,-8.15
536.5,-8.22
537,-8.18
537.5,-8.15
538,-8.21
538.5,-8.11
539,-8.2
539.5,-8.22
540,-8.28
540.5,-8.37
541,-8.44
541.5,-8.28
542,-8.17
542.5,-8.1
543,-8.27
543.5,-8.06
544,-8.12
544.5,-8.35
545,-8.37
545.5,-8.14
546,-8.28
546.5,-8.28
547,-7.93
547.5,-7.99
548,-8.34
548.5,-8.14
549,-8.15
549.5,-8.16
550,-8.29
550.5,-8.29
551,-8.25
551.5,-8.14
552,-8.06
552.5,-8.01
553,-8.01
553.5,-8.11
554,-8.07
554.5,-8.24
555,-8.25
555.5,-8.21
556,-8.1
556.5,-8.03
557,-8.05
557.5,-8.13
558,-7.93
558.5,-7.83
559,-8.1
559.5,-8.11
560,-8.11
560.5,-8.36
561,-8.26
561.5,-8.15
562,-8.05
562.5,-8.14
563,-8.19
563.5,-8.01
564,-7.97
564.5,-7.9
565,-8.11
565.5,-8.18
566,-8.35
566.5,-8.3
567,-8.3
567.5,-8.34
568,-8.22
568.5,-8.08
569,-8.48
569.5,-8.44
570,-8.31
570.5,-7.94
571,-8.1
571.5,-8.13
572,-8.17
572.5,-8.08
573,-8
573.5,-8.24
574,-8.27
574.5,-8.31
575,-8.38
575.5,-8.4
576,-8.22
576.5,-8.34
577,-8.34
577.5,-8.23
578,-8.2
578.5,-8.29
579,-8.35
579.5,-8.32
580,-8.38
580.5,-8.44
581,-8.48
581.5,-8.43
582,-8.24
582.5,-8.37
583,-8.36
583.5,-8.37
584,-8.2
584.5,-8.35
585,-8.25
585.5,-8.26
586,-7.99
586.5,-8.15
587,-8.37
587.5,-8.29
588,-8.37
588.5,-8.16
589,-8.09
589.5,-8.17
590,-8.36
590.5,-8.29
591,-8.3
591.5,-8.29
592,-8.34
592.5,-8.24
593,-8.32
593.5,-8.41
594,-8.52
594.5,-8.32
595,-8.27
595.5,-8.25
596,-8.32
596.5,-8.29
597,-8.33
597.5,-8.26
598,-8.37
598.5,-8.24
599,-8.32
599.5,-8.31
600,-8.22
600.5,-8.28
601,-8.2
601.5,-8.2
601.8,-8.08
602,-8.04
602,-8.12
602.2,-8.06
602.4,-7.98
602.5,-8.1
602.8,-8.02
603,-7.95
603,-8.09
603.2,-8.09
603.4,-8.1
603.5,-8.18
604,-8.19
604.5,-8.3
605,-8.36
605.5,-8.2
606,-8.21
606.5,-8.33
607,-8.21
607.5,-8.29
608,-8.24
608.5,-8.28
609,-8.13
609.5,-8.17
610,-7.9
610.5,-7.98
611,-8.37
611.5,-7.99
612,-8.13
612.5,-8.55
612.8,-8.34
613,-8.25
613,-8.14
613.2,-8.1
613.4,-8.16
613.5,-8.17
613.8,-8.58
614,-8.31
614,-8.36
614.2,-8.51
614.4,-8.66
614.5,-8.17
614.8,-8.64
615,-8.52
615,-8.31
615.2,-8.66
615.4,-8.48
615.5,-8.37
615.8,-8.47
616,-8.49
616,-8.16
616.2,-8.38
616.4,-8.23
616.5,-8.14
616.8,-8.41
617,-8.21
617,-8.1
617.2,-8.18
617.4,-8.23
617.5,-8.01
618,-8.08
618.5,-8.27
619,-8.13
619.5,-8.32
620,-8.3
620.5,-8.36
621,-8.29
621.5,-8.24
622,-8.22
622.5,-8.02
623,-8.26
623.5,-8.11
624,-8.28
624.5,-8.26
625,-8.15
625.5,-8.14
626,-8.25
626.5,-8.31
627,-8.42
627.5,-8.42
628,-8.36
628.5,-8.32
629,-8.44
629.5,-8.33
630,-8.35
630.5,-8.3
631,-8.37
631.5,-8.4
632,-8.3
632.5,-8.42
633,-8.23
633.5,-8.51
634,-8.5
634.5,-8.44
635,-8.45
635.5,-8.44
636,-8.37
636.5,-8.34
637,-8.37
637.5,-8.49
638,-8.38
638.5,-8.69
639,-8.72
639.5,-8.69
640,-8.52
640.5,-8.68
641,-8.58
641.5,-8.51
642,-8.62
642.5,-8.49
643,-8.36
643.5,-8.46
644,-8.41
644.5,-8.5
645,-8.52
645.5,-8.43
646,-8.56
646.5,-8.49
647,-8.6
647.5,-8.52
648,-8.53
648.5,-8.49
649,-8.35
649.5,-8.13
650,-8.41
650.5,-8.43
651,-8.4
651.5,-8.31
652,-8.38
652.5,-8.4
653,-8.39
653.5,-8.42
654,-8.46
654.5,-8.36
655,-8.54
655.5,-8.48
656,-8.53
656.5,-8.57
657,-8.54
657.5,-8.55
658,-8.48
658.5,-8.4
659,-8.42
659.5,-8.3
660,-8.46
660.5,-8.32
661,-8.56
661.5,-8.66
662,-8.44
662.5,-8.44
663,-8.47
663.5,-8.31
664,-8.38
664.5,-8.41
665,-8.34
665.5,-8.27
666,-8.19
666.5,-8.19
667,-8.07
667.5,-8.13
668,-8.03
668.5,-8.24
669,-8.45
669.5,-8.46
670,-8.45
670.5,-8.35
671,-8.31
671.5,-8.37
672,-8.26
672.5,-7.94
673,-8.13
673.5,-8.13
674,-8.34
674.5,-8.13
675,-8.29
675.5,-8.34
676,-8.31
676.5,-8.3
676.7,-8.34
677,-8.43
677.2,-7.8
677.5,-7.36
677.5,-7.24
677.6,-7.18
677.7,-7.43
678,-8.65
678.5,-8.15
679,-8.04
679.5,-8.12
680,-8.3
680.5,-8.18
681,-8.14
681.5,-8.21
682,-8
682.5,-8.15
683,-8.2
683.5,-8.35
684,-8.3
684.5,-8.44
685,-8.52
685.5,-8.35
686,-8.41
686.5,-8.43
687,-8.42
687.5,-8.45
688,-8.43
688.5,-8.49
689,-8.48
689.3,-8.48
689.5,-8.25
689.8,-8.35
690,-8.37
690.3,-8.38
690.5,-8.45
690.8,-8.42
691,-8.55
691.5,-8.61
692,-8.54
692.5,-8.44
693,-8.37
693.5,-8.39
694,-8.35
694.5,-8.25
695,-8.39
695.5,-8.28
696,-8.36
696.5,-8.25
697,-8.3
697.5,-8.39
698,-8.29
698.5,-8.39
699,-8.37
699.5,-8.21
700,-8.27
700.5,-8.15
701,-8.37
701.5,-8.24
702,-8.5
702.5,-8.43
703,-8.54
703.5,-8.5
704,-8.51
704.5,-8.54
705,-8.49
705.5,-8.4
706,-8.36
706.5,-8.34
707,-8.32
707.5,-8.45
708,-8.4
708.5,-8.4
709,-8.33
709.5,-8.39
710,-8.47
710.5,-8.44
711,-8.62
711.5,-8.62
712,-8.6
712.5,-8.62
713,-8.58
713.5,-8.6
714,-8.52
714.5,-8.53
715,-8.52
715.5,-8.55
716,-8.41
716.5,-8.43
717,-8.74
717.5,-8.69
718,-8.64
718.5,-8.58
719,-8.55
719.5,-8.68
720,-8.78
720.5,-8.62
721,-8.62
721.5,-8.6
722,-8.66
722.5,-8.64
723,-8.61
723.5,-8.6
724,-8.64
724.5,-8.63
725,-8.65
725.5,-8.6
726,-8.65
726.5,-8.37
727,-8.6
727.5,-8.58
728,-8.57
728.5,-8.41
729,-8.41
729.5,-8.68
730,-8.6
730.5,-8.6
731,-8.54
731.5,-8.56
732,-8.47
732.5,-8.6
733,-8.59
733.5,-8.6
734,-8.63
734.5,-8.51
735,-8.57
735.5,-8.65
736,-8.59
736.5,-8.63
737,-8.68
737.5,-8.61
738,-8.44
738.5,-8.49
739,-8.6
739.5,-8.22
740,-8.46
740.5,-8.66
741,-8.79
741.5,-8.72
742,-8.7
742.5,-8.64
743,-8.77
743.5,-8.74
744,-8.67
744.5,-8.65
745,-8.51
745.5,-8.51
746,-8.33
746.5,-8.56
747,-8.57
747.5,-8.7
748,-8.53
748.5,-8.62
749,-8.54
749.5,-8.43
750,-8.44
750.5,-8.51
751,-8.52
751.5,-8.78
752,-8.43
752.5,-8.34
753,-8.48
753.5,-8.44
754,-8.26
754.5,-8.44
755,-8.27
755.5,-8.4
756,-8.5
756.5,-8.46
757,-8.41
757.5,-8.29
758,-8.24
758.5,-8.42
759,-8.69
759.5,-8.6
759.8,-8.74
760,-8.67
760.3,-8.71
760.5,-8.65
760.8,-8.65
761,-8.7
761.3,-8.74
761.5,-8.54
761.8,-8.46
762,-8.53
762.3,-8.69
762.5,-8.7
762.8,-8.7
763,-8.71
763.3,-8.76
763.5,-8.62
763.8,-8.71
764,-8.59
764.3,-8.68
764.5,-8.64
764.8,-8.81
765,-8.78
765.3,-8.77
765.5,-8.64
765.8,-8.88
766,-8.71
766.3,-8.82
766.5,-8.7
766.8,-8.79
767,-8.63
767.3,-8.55
767.5,-8.57
767.8,-8.53
768,-8.44
768.3,-8.66
768.5,-8.56
768.8,-8.74
769,-8.55
769.3,-8.5
769.5,-8.44
769.8,-8.73
770,-8.67
770.3,-8.76
770.5,-8.57
770.8,-8.72
771,-8.62
771.3,-8.74
771.5,-8.55
771.8,-8.79
772,-8.76
772.3,-8.8
772.5,-8.66
772.8,-8.81
773,-8.74
773.3,-8.87
773.5,-8.79
773.8,-8.83
774,-8.97
774.3,-8.92
774.5,-8.9
774.8,-8.77
775,-8.87
775.3,-8.93
775.5,-8.91
775.8,-9.01
776,-8.93
776.3,-8.94
776.5,-8.9
776.8,-9.07
777,-9.02
777.3,-9.06
777.5,-8.98
777.8,-9.05
778,-9.04
778.3,-8.99
778.5,-9
778.8,-8.99
779,-9.05
779.3,-9
779.5,-8.97
779.8,-8.97
780,-9.07
780.3,-9.14
780.5,-9.08
780.8,-9.09
781,-9.05
781.3,-9.05
781.5,-8.88
782,-8.94
782.5,-8.92
783,-8.89
783.5,-8.91
784,-8.76
784.5,-8.8
785,-8.84
785.5,-8.86
786,-8.83
786.5,-8.8
787,-8.87
787.5,-8.96
788,-9.1
788.5,-8.93
789,-8.97
789.5,-8.97
790,-8.86
790.5,-8.97
791,-8.85
791.5,-8.72
792,-8.88
792.5,-8.8
793,-8.79
793.5,-8.73
794,-8.83
794.5,-8.81
795,-8.76
795.5,-8.73
796,-8.69
796.5,-8.66
797,-8.46
797.5,-8.57
798,-8.6
798.5,-8.53
799,-8.27
799.5,-8.2
800,-8.69
800.5,-8.45
801,-8.46
801.5,-8.42
802,-8.37
802.5,-8.36
803,-8.36
803.5,-8.54
804,-8.49
804.5,-8.52
805,-8.61
805.5,-8.67
806,-8.7
806.5,-8.65
807,-8.67
807.5,-8.54
808,-8.31
808.5,-8.48
809,-8.6
809.5,-8.69
810,-8.67
810.5,-8.68
811,-8.77
811.5,-8.73
812,-8.55
812.5,-8.47
813,-8.83
813.5,-8.83
814,-8.74
814.5,-8.85
815,-8.68
815.5,-8.81
816,-8.68
816.5,-8.77
817,-8.71
817.5,-8.71
818,-8.47
818.5,-8.58
819,-8.74
819.5,-8.6
820,-8.65
820.5,-8.85
821,-8.51
821.5,-8.71
822,-8.71
822.5,-8.69
823,-8.6
823.5,-8.57
824,-8.61
824.5,-8.63
825,-8.7
825.5,-8.57
826,-8.65
826.5,-8.61
827,-8.68
827.5,-8.73
828,-8.68
828.5,-8.77
829,-8.96
829.5,-9.09
830,-8.85
830.5,-8.69
831,-8.54
831.5,-8.65
832,-8.91
832.5,-8.91
833,-8.9
833.5,-8.88
834,-8.88
834.5,-8.84
835,-8.95
835.5,-8.9
836,-8.72
836.5,-8.73
837,-8.51
837.5,-8.56
838,-8.38
838.5,-8.33
839,-8.24
839.5,-8.55
840,-8.5
840.5,-8.64
841,-8.61
841.5,-8.64
842,-8.76
842.5,-8.67
843,-8.83
843.5,-8.82
844,-8.85
844.5,-8.85
845,-8.84
845.5,-8.84
846,-8.73
846.5,-8.69
847,-8.71
847.5,-8.78
848,-8.76
848.5,-8.68
849,-8.78
849.5,-8.7
850,-8.72
850.5,-8.73
851,-8.82
851.5,-8.9
852,-8.85
852.5,-8.95
853,-8.86
853.5,-8.85
854,-8.93
854.3,-8.69
854.5,-8.73
854.8,-8.63
855,-8.71
855.3,-8.71
855.5,-8.62
855.8,-8.57
856,-8.65
856.3,-8.59
856.5,-8.74
856.8,-8.72
857,-8.85
857.3,-8.73
857.5,-8.78
857.8,-8.6
858,-8.58
858.3,-8.64
858.5,-8.79
858.8,-8.64
859,-8.72
859.3,-8.65
859.5,-8.81
859.8,-8.78
860,-8.78
860.3,-8.71
860.5,-8.84
860.8,-8.73
861,-8.7
861.3,-8.64
861.5,-8.81
861.8,-8.65
862,-8.78
862.3,-8.62
862.5,-8.62
862.8,-8.57
863,-8.37
863.3,-7.94
863.5,-7.96
863.8,-7.97
864,-8.1
864.3,-8.21
864.5,-8.28
864.8,-8.27
865,-8.4
865.3,-8.53
865.5,-8.41
865.8,-8.39
866,-8.25
866.3,-8.43
866.5,-8.5
866.8,-8.49
867,-8.37
867.3,-8.57
867.5,-8.49
867.8,-8.41
868,-8.34
868.3,-8.51
868.5,-8.35
868.8,-8.47
869,-8.48
869.3,-8.55
869.5,-8.5
869.8,-8.57
870,-8.37
870.3,-8.78
870.5,-8.33
870.8,-8.66
871,-8.42
871.3,-8.66
871.5,-8.56
871.8,-8.69
872,-8.34
872.3,-8.48
872.5,-8.26
872.8,-8.64
873,-8.48
873.5,-8.49
873.7,-8.19
874,-8.38
874.2,-8.22
874.5,-8.27
874.7,-8.27
875,-8.13
875.2,-8.27
875.5,-8.14
875.7,-8.28
876,-8.48
876.2,-8.16
876.5,-8.24
876.7,-8.24
877,-8.2
877.2,-8.39
877.5,-8.26
877.7,-8.19
878,-8.45
878.2,-8.35
878.5,-8.35
878.7,-8.27
879,-8.3
879.2,-8.48
879.5,-8.41
879.7,-8.43
880,-8.48
880.2,-8.61
880.5,-8.45
880.7,-8.53
881,-8.46
881.2,-8.48
881.5,-8.51
881.7,-8.52
882,-8.64
882.5,-8.67
883,-8.63
883.5,-8.75
884,-8.78
884.5,-8.77
885,-8.78
885.5,-8.8
886,-8.88
886.5,-8.99
887,-8.88
887.5,-8.98
888,-8.88
888.5,-8.82
889,-8.83
889.5,-8.54
890,-8.58
890.5,-8.69
891,-8.66
891.5,-8.67
892,-8.46
892.5,-8.56
893,-8.72
893.5,-8.83
894,-8.88
894.5,-8.78
895,-8.83
895.5,-8.83
896,-8.79
896.5,-8.74
897,-8.8
897.5,-8.69
898,-8.54
898.5,-8.68
899,-8.65
899.5,-8.62
900,-8.6
900.5,-8.71
901,-8.73
901.5,-8.68
902,-8.87
902.5,-8.8
903,-8.82
903.5,-8.83
904,-8.71
904.5,-8.69
905,-8.81
905.5,-8.83
906,-8.67
906.5,-8.8
907,-8.77
907.5,-8.78
908,-8.71
908.5,-8.65
909,-8.87
909.5,-9.01
910,-8.97
910.5,-9
911,-9.01
911.5,-8.85
912,-8.81
912.5,-8.6
913,-8.72
913.5,-8.69
914,-8.81
914.5,-8.6
915,-8.95
915.5,-8.8
916,-8.9
916.5,-8.75
917,-8.8
917.5,-8.8
918,-8.79
918.5,-8.84
919,-8.72
919.5,-8.78
920,-8.65
920.5,-8.84
921,-8.73
921.5,-8.77
922,-8.65
922.5,-8.74
923,-8.6
923.5,-8.65
924,-8.46
924.5,-8.62
925,-8.69
925.5,-8.63
926,-8.59
926.5,-8.63
927,-8.58
927.5,-8.33
928,-8.84
928.5,-8.79
929,-8.8
929.5,-8.87
930,-8.79
930.5,-8.81
931,-8.84
931.5,-8.72
932,-8.67
932.5,-8.76
933,-8.76
933.5,-8.72
934,-8.69
934.5,-8.71
935,-8.78
935.5,-8.79
936,-8.71
936.5,-8.59
937,-8.81
937.5,-8.74
938,-8.85
938.5,-8.61
939,-8.67
939.5,-8.72
940,-8.74
940.5,-8.7
941,-8.86
941.5,-8.96
942,-9.01
942.5,-8.91
943,-9.02
943.5,-8.9
944,-9.01
944.5,-8.83
945,-8.97
945.5,-9.02
946,-8.92
946.5,-8.94
947,-8.92
947.5,-8.97
948,-8.93
948.5,-8.98
949,-8.99
949.5,-8.94
950,-8.92
950.5,-8.86
951,-8.78
951.5,-8.75
952,-8.8
952.5,-8.71
953,-8.75
953.5,-8.67
954,-8.66
954.5,-8.6
955,-8.63
955.5,-8.54
956,-8.59
956.5,-8.47
957,-8.47
957.5,-8.58
958,-8.63
958.5,-8.68
959,-8.65
959.5,-8.69
960,-8.57
960.5,-8.65
961,-8.46
961.5,-8.79
962,-8.63
962.5,-8.5
