Depth mm.,230Th Age,Tuned Age,d18O VPDB
0.1,-50,-50,-7.18
0.5,-40,-41,-7.32
1,-27,-31,-7.1
1.5,-15,-20,-7.28
2,-2,-9,-7.27
2.5,4,-4,-7.52
3,10,0,-7.53
3.5,16,5,-8.07
4,21,12,-8.14
4.5,27,19,-7.76
5,33,27,-7.53
5.3,36,30,-7.52
5.5,38,34,-7.67
5.8,41,38,-7.56
6,44,41,-7.71
6.3,47,45,-7.49
6.5,49,48,-7.81
6.8,52,52,-7.61
7,55,56,-8.09
7.3,57,59,-7.65
7.5,60,63,-7.84
7.8,63,66,-7.42
7.9,64,69,-7.47
8,65,70,-7.97
8.1,66,71,-7.77
8.3,68,74,-7.61
8.5,71,77,-7.82
8.8,74,81,-7.51
9,76,84,-8
9.3,79,88,-7.49
9.5,82,92,-7.7
9.8,84,95,-7.51
10,87,99,-7.78
10.3,90,103,-7.69
10.5,92,106,-7.91
10.8,95,110,-7.72
11,98,113,-7.58
11.3,101,117,-7.54
11.5,103,121,-7.57
11.8,106,124,-7.54
12,109,128,-7.92
12.3,111,131,-7.44
12.5,114,135,-7.71
12.8,117,136,-7.57
13,119,138,-7.49
13.5,125,141,-7.66
14,130,144,-8.08
14.5,136,147,-7.59
15,141,150,-7.57
15.5,144,153,-7.75
16,146,156,-7.77
16.5,149,159,-7.84
17,151,161,-6.99
17.5,154,164,-7.64
18,156,167,-7.67
18.5,159,170,-7.53
19,162,173,-7.62
19.5,164,176,-7.63
20,167,179,-7.89
20.5,169,182,-7.57
21,172,185,-7.19
21.5,174,188,-7.37
22,177,191,-7.59
22.5,180,194,-7.47
23,182,197,-7.58
23.5,185,200,-7.57
24,187,203,-7.19
24.5,190,206,-7.07
25,192,209,-7.62
25.5,195,211,-7.65
26,198,214,-7.43
26.5,200,217,-7.68
27,203,220,-7.66
27.5,205,223,-7.41
28,208,226,-7.08
28.5,210,229,-7.2
29,213,232,-7.48
29.5,214,235,-7.16
30,215,239,-7.21
30.5,216,243,-7.19
31,217,247,-7.31
31.5,218,252,-7.52
32,219,256,-7.25
32.5,220,260,-7.44
33,221,264,-7.55
33.5,222,268,-7.59
34,223,272,-7.44
34.5,224,277,-7.17
35,225,281,-7.34
35.5,226,285,-7.49
36,227,289,-7.67
36.5,228,293,-7.32
37,229,297,-7.39
37.5,236,301,-7.18
38,243,306,-6.96
38.5,249,310,-7.38
39,256,314,-7.19
39.5,263,318,-7.35
40,270,322,-7.52
40.5,276,326,-7.44
41,283,330,-7.21
41.5,290,335,-7.6
42,297,339,-7.47
42.5,304,343,-7.21
43,310,347,-7.46
43.5,317,351,-7.4
44,324,355,-7.61
44.5,331,360,-7.26
45,337,364,-7
45.5,344,368,-6.95
46,351,372,-6.64
46.5,358,376,-7.14
47,364,380,-7.26
47.5,371,384,-7.29
48,378,389,-7.21
48.5,384,393,-7.41
49,389,397,-7.43
49.5,395,401,-7.39
50,401,405,-7.35
50.5,407,409,-7.47
51,412,413,-7.19
51.5,418,418,-7.05
52,424,422,-7.37
52.5,430,426,-7.2
53,435,430,-7.34
53.5,441,434,-7.19
54,447,438,-7.31
54.5,452,443,-6.98
55,458,447,-7.02
55.5,464,451,-7.1
56,470,455,-7.15
56.5,475,459,-7.24
57,481,463,-7.13
57.5,483,467,-6.66
58,486,471,-7.26
58.5,488,475,-7.47
59,491,479,-7.3
59.5,493,483,-7.15
60,496,487,-7.21
60.5,498,491,-7.23
61,500,495,-7.56
61.5,503,499,-7.39
62,505,503,-6.74
62.5,508,507,-7.08
63,510,511,-6.92
63.5,512,515,-7.16
64,515,519,-7.4
64.5,517,523,-7.09
65,520,527,-7.12
65.5,522,531,-6.94
66,525,535,-6.65
66.5,527,539,-7.57
67,529,543,-7.71
67.5,532,547,-7.27
68,534,551,-7.23
68.5,537,555,-7.48
69,539,559,-7.37
69.5,541,563,-7.39
70,544,567,-7.38
70.5,546,571,-7.46
71,549,575,-7.31
71.5,551,579,-7.21
72,554,583,-7.32
72.5,556,587,-7.3
73,558,591,-7.21
73.5,561,595,-7.24
74,563,599,-7.28
74.5,566,603,-7.16
75,568,607,-7.17
75.3,571,609,-7.28
75.5,574,611,-7.1
76,580,615,-7.11
76.3,583,618,-7.14
76.5,586,620,-7.2
77,592,626,-7.54
77.3,595,629,-7.43
77.5,598,631,-7.47
78,604,637,-7.5
78.3,607,639,-7.43
78.5,610,642,-7.35
79,616,648,-7.26
79.3,619,650,-7.28
79.5,622,653,-7.23
80,628,658,-7.29
80.3,631,661,-7.27
80.5,634,664,-7.15
81,640,669,-7.56
81.3,643,672,-7.61
81.5,646,675,-7.48
82,652,680,-7.24
82.3,655,683,-7.42
82.5,658,686,-7.41
83,664,691,-7.74
83.3,667,694,-7.6
83.5,670,696,-7.75
84,676,702,-7.63
84.3,679,705,-7.64
84.5,682,707,-7.55
85,688,713,-7.59
85.3,691,715,-7.61
85.5,694,718,-7.61
86,700,724,-7.36
86.3,703,726,-7.44
86.5,706,729,-7.38
87,712,734,-7.35
87.3,715,737,-7.27
87.5,718,740,-7.25
88,724,745,-7.52
88.3,727,748,-7.17
88.5,730,751,-7.4
89,736,756,-7.21
89.3,739,759,-7.29
89.5,742,762,-7.19
90,748,767,-6.99
90.3,751,770,-7.12
90.5,754,772,-7.08
91,760,778,-7.11
91.3,763,781,-7.27
91.5,766,783,-7.17
92,772,789,-7.08
92.3,776,791,-7.19
92.5,779,794,-7.24
93,787,800,-7.21
93.3,790,802,-7.28
93.5,794,805,-7.53
94,801,811,-7.41
94.3,805,818,-7.31
94.5,808,824,-7.24
95,816,830,-7.21
95.5,823,836,-7.32
96,830,843,-7.27
96.5,838,849,-7.05
97,845,855,-7.12
97.5,852,861,-7.31
98,859,868,-7.19
98.5,867,874,-7.38
99,874,880,-7.4
99.5,881,886,-7.16
100,889,893,-7.3
100.5,896,899,-7.21
101,903,905,-6.87
101.5,910,911,-7.22
102,918,917,-7.15
102.5,925,922,-7.38
103,932,928,-7.37
103.5,939,934,-7.12
104,947,940,-7.16
104.5,954,946,-7.32
105,961,951,-7.46
105.5,969,957,-7.25
106,976,963,-6.78
106.5,983,969,-7.12
107,990,974,-7.18
107.5,998,980,-7.44
108,1005,986,-7.2
108.5,1008,992,-7.22
109,1011,998,-7.34
109.5,1015,1003,-7.23
110,1018,1009,-7.39
110.5,1021,1015,-7.5
111,1024,1018,-7.01
111.5,1028,1020,-7.21
112,1031,1023,-7.33
112.5,1034,1026,-7.28
113,1037,1029,-7.26
113.5,1041,1031,-7.24
114,1044,1034,-7.26
114.5,1047,1037,-7.2
115,1050,1040,-6.98
115.5,1053,1042,-7.11
116,1057,1045,-7.11
116.5,1060,1048,-7.06
117,1063,1051,-7.29
117.5,1066,1055,-7.4
118,1070,1058,-7.43
118.5,1073,1061,-7.57
119,1076,1064,-7.55
119.5,1079,1068,-7.45
120,1083,1071,-7.28
120.5,1086,1074,-7.49
121,1089,1077,-7.46
121.5,1092,1081,-7.08
122,1096,1084,-7.45
122.5,1099,1087,-7.5
123,1102,1090,-7.22
123.5,1105,1094,-7.04
124,1108,1097,-7.15
124.5,1112,1100,-7.07
125,1115,1103,-7.31
125.5,1118,1107,-7.58
126,1121,1110,-7.33
126.5,1125,1113,-7.44
127,1128,1116,-7.6
127.5,1131,1120,-7.51
128,1134,1123,-7.17
128.5,1138,1126,-7.21
129,1141,1129,-7.05
129.5,1144,1133,-7.38
130,1147,1136,-7.18
130.5,1150,1139,-7.69
131,1154,1142,-7.33
131.5,1157,1146,-7.45
132,1160,1149,-7.31
132.5,1163,1152,-7.37
133,1167,1155,-7.44
133.5,1170,1159,-7.29
134,1173,1162,-7.27
134.5,1176,1165,-6.76
135,1180,1169,-7.17
135.5,1183,1173,-7.46
136,1186,1177,-7.55
136.3,1188,1179,-7.47
136.5,1191,1181,-7.27
136.8,1193,1183,-7.27
137,1196,1185,-7.49
137.3,1198,1187,-7.52
137.5,1201,1188,-7.54
137.8,1203,1190,-7.35
138,1206,1192,-7.21
138.3,1208,1194,-7.21
138.5,1211,1196,-7.2
138.8,1213,1198,-7.32
139,1216,1200,-7.36
139.3,1218,1202,-7.36
139.5,1221,1204,-7.35
139.8,1223,1206,-7.34
140,1225,1208,-7.48
140.3,1228,1210,-7.45
140.5,1230,1212,-7.36
140.8,1233,1214,-7.2
141,1235,1216,-7.18
141.3,1238,1218,-7.25
141.5,1240,1220,-7.26
141.8,1243,1222,-7.42
142,1245,1224,-7.45
142.5,1250,1228,-7.46
143,1255,1232,-7.43
143.5,1260,1235,-7.51
144,1265,1239,-7.02
144.5,1270,1243,-7.31
145,1275,1247,-7.39
145.5,1280,1251,-7.09
146,1285,1255,-6.98
146.5,1290,1261,-7.13
147,1294,1268,-7.08
147.5,1299,1274,-7.43
148,1304,1280,-7.56
148.5,1309,1286,-7.36
149,1314,1293,-7.26
149.5,1319,1299,-7.4
150,1324,1305,-7.33
150.5,1329,1312,-7.28
151,1334,1318,-7.29
151.5,1339,1324,-7.54
152,1344,1331,-7.39
152.5,1349,1337,-7.22
153,1354,1343,-7.45
153.5,1359,1349,-7.32
154,1363,1356,-7.12
154.5,1368,1362,-7.37
155,1373,1368,-7.34
155.5,1378,1375,-7.49
156,1383,1381,-7.42
156.5,1388,1387,-7.29
157,1393,1394,-6.88
157.5,1397,1400,-6.89
158,1402,1406,-7.12
158.5,1406,1412,-7.01
159,1411,1419,-7.02
159.5,1415,1425,-7.62
160,1420,1429,-7.47
160.5,1424,1434,-7.16
161,1428,1438,-6.95
161.5,1433,1443,-7.01
162,1437,1447,-7.38
162.5,1442,1452,-7.28
163,1446,1456,-7.1
163.5,1450,1461,-6.98
164,1455,1465,-7.29
164.5,1459,1469,-7.22
165,1464,1474,-6.84
165.5,1468,1478,-6.9
166,1473,1483,-7.19
166.5,1477,1487,-7.25
167,1481,1492,-7.12
167.5,1486,1496,-7.24
168,1490,1501,-7.01
168.5,1495,1505,-6.9
169,1499,1509,-7.02
169.5,1503,1513,-6.85
170,1508,1516,-6.93
170.5,1512,1520,-7.31
171,1517,1524,-7.15
171.5,1521,1528,-7.27
172,1526,1532,-7.41
172.5,1530,1536,-7.3
173,1534,1539,-7.06
173.5,1539,1543,-7.18
174,1543,1547,-6.85
174.5,1548,1551,-7.02
175,1552,1555,-7.02
175.5,1557,1559,-7.29
176,1561,1562,-7.27
176.5,1566,1566,-7.3
177,1570,1570,-7.28
177.5,1575,1574,-7.38
178,1579,1578,-6.98
178.5,1584,1582,-7.22
179,1588,1585,-7.39
179.5,1593,1589,-7.04
180,1598,1593,-7.18
180.5,1602,1597,-6.94
181,1607,1601,-7.35
181.5,1611,1605,-7.41
182,1616,1608,-7.45
182.5,1620,1612,-7.38
183,1625,1616,-7.26
183.5,1630,1620,-7.09
184,1634,1624,-7.26
184.5,1639,1628,-7.37
185,1643,1631,-7.36
185.5,1648,1635,-7.26
186,1652,1639,-7.33
186.5,1657,1643,-7.09
187,1661,1647,-7.28
187.5,1666,1651,-7.2
188,1671,1654,-7.16
188.5,1675,1658,-7.22
189,1680,1662,-7.5
189.5,1684,1666,-7.5
190,1689,1670,-7.22
190.5,1693,1674,-7.38
191,1698,1677,-7.32
191.5,1702,1681,-7.38
192,1707,1685,-6.96
192.5,1711,1689,-7.16
193,1715,1693,-7.25
193.5,1718,1697,-7.14
194,1722,1701,-7.27
194.5,1726,1705,-7.23
195,1730,1709,-7.29
195.5,1733,1713,-7.23
196,1737,1717,-7.2
196.5,1741,1720,-7.2
197,1745,1724,-7.31
197.5,1748,1728,-7.4
198,1752,1732,-7.55
198.5,1756,1736,-7.18
199,1760,1740,-7.34
199.5,1763,1744,-7.22
200,1767,1748,-7.54
200.5,1771,1752,-7.57
201,1775,1756,-7.57
201.5,1778,1760,-7.52
202,1782,1764,-7.4
202.5,1786,1768,-7.54
203,1790,1772,-7.42
203.5,1793,1776,-7.47
204,1797,1780,-7.48
204.5,1801,1783,-7.55
205,1805,1787,-7.62
205.5,1808,1791,-7.52
206,1812,1795,-7.43
206.5,1816,1799,-7.29
207,1820,1803,-7.45
207.5,1823,1807,-7.62
208,1827,1811,-7.56
208.5,1831,1815,-7.06
209,1835,1817,-7.28
209.5,1838,1819,-7.41
210,1842,1822,-7.41
210.5,1846,1824,-7.32
211,1850,1826,-7.38
211.5,1853,1828,-7.31
212,1857,1831,-7.33
212.5,1861,1833,-7.43
213,1865,1835,-7.27
213.5,1868,1837,-7.44
214,1872,1839,-7.42
214.5,1876,1842,-7.14
215,1880,1844,-7.41
215.5,1883,1846,-7.21
216,1887,1848,-7.32
216.5,1891,1851,-7.3
217,1895,1853,-7.2
217.5,1898,1855,-6.82
218,1902,1859,-7.28
218.5,1906,1863,-7.42
219,1910,1868,-7.49
219.5,1913,1872,-7.45
220,1917,1876,-7.41
220.5,1921,1880,-7.38
221,1925,1884,-7.34
221.5,1928,1889,-7.33
222,1932,1893,-7.4
222.5,1936,1897,-7.4
223,1940,1901,-7.32
223.5,1943,1905,-7.29
224,1947,1910,-7.48
224.5,1951,1914,-7.4
225,1955,1918,-7.52
225.5,1958,1922,-7.49
226,1962,1926,-7.25
226.5,1966,1930,-7.53
227,1970,1935,-7.41
227.5,1973,1939,-7.46
228,1977,1943,-7.64
228.5,1981,1947,-7.67
229,1985,1951,-7.66
229.5,1988,1956,-7.61
230,1992,1960,-7.46
230.5,1996,1964,-7.3
231,2000,1968,-7.33
231.5,2003,1972,-7.33
232,2007,1977,-7.32
232.5,2011,1981,-7.32
233,2015,1985,-7.16
233.5,2018,1989,-7.37
234,2022,1993,-7.56
234.5,2026,1997,-7.42
235,2030,2001,-7.44
235.5,2033,2005,-7.42
236,2037,2010,-7.52
236.5,2041,2014,-7.48
237,2045,2018,-7.44
237.5,2049,2022,-7.34
238,2052,2026,-7.43
238.5,2056,2030,-7.45
239,2060,2034,-7.48
239.5,2064,2038,-7.51
240,2067,2042,-7.47
240.5,2071,2046,-7.4
241,2075,2050,-7.36
241.5,2079,2055,-7.44
242,2083,2059,-7.4
242.5,2086,2063,-7.35
243,2090,2067,-7.49
243.5,2094,2071,-7.47
244,2098,2075,-7.45
244.5,2101,2079,-7.26
245,2105,2083,-7.46
245.5,2109,2087,-7.6
246,2113,2091,-7.56
246.5,2117,2095,-7.64
247,2120,2100,-7.66
247.5,2124,2104,-7.66
248,2128,2108,-7.61
248.5,2132,2112,-7.29
249,2135,2116,-7.59
249.5,2139,2120,-7.63
250,2143,2124,-7.51
250.5,2147,2128,-7.49
251,2151,2132,-7.37
251.5,2154,2136,-7.46
252,2158,2140,-7.33
252.5,2162,2145,-7.44
253,2166,2149,-7.54
253.5,2169,2153,-7.45
254,2173,2157,-7.55
254.5,2177,2161,-7.63
255,2181,2165,-7.73
255.5,2185,2168,-7.63
256,2188,2171,-7.54
256.5,2192,2174,-7.45
257,2196,2177,-7.49
257.5,2200,2179,-7.44
258,2203,2182,-7.34
258.5,2207,2185,-7.4
259,2211,2188,-7.38
259.5,2215,2191,-7.41
260,2219,2194,-7.53
260.5,2222,2197,-7.66
261,2226,2200,-7.6
261.5,2230,2203,-7.61
262,2234,2205,-7.46
262.5,2237,2208,-7.44
263,2241,2211,-7.67
263.5,2245,2214,-7.62
264,2249,2217,-7.6
264.5,2253,2220,-7.55
265,2256,2223,-7.64
265.5,2260,2226,-7.66
266,2264,2229,-7.5
266.5,2268,2231,-7.56
267,2271,2234,-7.62
267.5,2275,2237,-7.65
268,2279,2240,-7.38
268.5,2284,2243,-7.24
269,2289,2246,-7.48
269.5,2294,2249,-7.55
270,2299,2252,-7.57
270.5,2304,2255,-7.75
271,2309,2257,-7.66
271.5,2314,2260,-7.6
272,2319,2263,-7.55
272.5,2324,2266,-7.57
273,2329,2269,-7.54
273.5,2334,2272,-7.34
274,2339,2275,-7.38
274.5,2344,2278,-7.55
275,2349,2281,-7.35
275.5,2354,2283,-7.43
276,2359,2286,-7.41
276.5,2364,2289,-7.42
277,2369,2292,-7.32
277.5,2374,2295,-7.13
278,2379,2300,-7.21
278.5,2384,2306,-7.43
279,2389,2311,-7.19
279.5,2394,2317,-7.23
280,2399,2322,-7.53
280.5,2404,2327,-7.31
281,2409,2333,-7.17
281.5,2413,2338,-7.37
282,2418,2343,-7.34
282.5,2423,2349,-7.39
283,2428,2354,-7.54
283.5,2433,2360,-7.57
284,2438,2365,-7.67
284.5,2443,2374,-7.59
285,2448,2382,-7.71
285.5,2453,2391,-7.58
286,2458,2399,-7.49
286.5,2463,2408,-7.52
287,2468,2416,-7.46
287.5,2473,2425,-7.49
288,2478,2433,-7.49
288.5,2483,2442,-7.41
289,2488,2450,-7.75
289.5,2493,2459,-7.53
290,2498,2467,-7.44
290.5,2503,2476,-7.29
291,2508,2484,-7.45
291.5,2513,2493,-7.41
292,2518,2501,-7.39
292.5,2523,2510,-7.32
293,2528,2518,-7.37
293.5,2533,2527,-7.53
294,2538,2535,-7.59
294.5,2543,2539,-7.41
295,2547,2542,-7.3
295.5,2552,2546,-7.31
296,2557,2549,-7.23
296.5,2562,2553,-7.36
297,2566,2556,-7.52
297.5,2571,2560,-7.47
298,2576,2563,-7.41
298.5,2581,2567,-7.49
299,2585,2570,-7.62
299.5,2590,2574,-7.41
300,2595,2578,-7.31
300.5,2600,2581,-7.19
301,2604,2585,-7.34
301.5,2609,2588,-7.52
302,2614,2592,-7.52
302.5,2619,2595,-7.52
303,2623,2599,-7.59
303.5,2628,2602,-7.51
304,2633,2606,-7.56
304.5,2638,2609,-7.62
305,2642,2613,-7.39
305.5,2647,2616,-7.46
306,2652,2620,-7.42
306.5,2657,2624,-7.45
307,2661,2627,-7.54
307.5,2666,2631,-7.47
308,2671,2634,-7.55
308.5,2675,2638,-7.46
309,2680,2641,-7.52
309.5,2685,2645,-7.46
310,2690,2648,-7.48
310.5,2694,2652,-7.48
310.8,2697,2655,-7.43
311,2699,2659,-7.46
311.3,2702,2663,-7.45
311.5,2704,2666,-7.16
311.8,2706,2670,-7.26
312,2709,2673,-7.49
312.3,2711,2677,-7.31
312.5,2713,2680,-7.25
312.8,2716,2684,-7.11
313,2718,2687,-7.23
313.3,2720,2691,-7
313.5,2723,2694,-7.26
313.8,2725,2698,-7.09
314,2728,2701,-7.21
314.3,2730,2705,-6.98
314.5,2732,2707,-7.32
314.8,2735,2709,-7.22
315,2737,2712,-7.2
315.3,2739,2714,-7.25
315.5,2742,2716,-7.21
315.8,2744,2718,-7.21
316,2747,2720,-7.32
316.3,2749,2723,-7.08
316.5,2751,2725,-7.26
317,2756,2729,-7.38
317.5,2761,2734,-7.4
318,2766,2738,-7.49
318.5,2770,2742,-7.47
319,2775,2747,-7.37
319.5,2781,2751,-7.15
320,2786,2755,-7.49
320.5,2792,2760,-7.4
321,2797,2764,-7.54
321.5,2803,2769,-7.15
322,2808,2773,-7.32
322.5,2814,2777,-7.31
323,2819,2782,-7.4
323.5,2825,2786,-7.51
324,2830,2791,-7.52
324.5,2836,2795,-7.64
325,2841,2802,-7.58
325.5,2847,2808,-7.31
326,2853,2815,-7.38
326.5,2858,2821,-7.31
327,2864,2828,-7.64
327.5,2869,2835,-7.64
328,2875,2841,-7.39
328.5,2880,2848,-7.63
329,2886,2854,-7.47
329.5,2891,2861,-7.45
330,2897,2868,-7.4
330.5,2902,2874,-7.63
331,2908,2881,-7.76
331.5,2913,2887,-7.63
332,2919,2894,-7.75
332.5,2925,2900,-7.62
333,2930,2907,-7.56
333.5,2936,2914,-7.44
334,2941,2920,-7.54
334.5,2947,2927,-7.47
335,2952,2933,-7.46
335.5,2958,2940,-7.23
336,2963,2947,-7.66
336.5,2969,2953,-7.62
337,2974,2960,-7.66
337.5,2980,2966,-7.7
338,2985,2973,-7.78
338.5,2991,2980,-7.72
339,2997,2986,-7.61
339.5,3002,2993,-7.64
340,3008,2999,-7.78
340.5,3013,3006,-7.81
341,3019,3013,-7.8
341.5,3024,3019,-7.77
342,3030,3026,-7.81
342.5,3035,3032,-7.72
343,3041,3039,-7.85
343.5,3046,3045,-7.81
344,3052,3052,-7.6
344.5,3057,3059,-7.47
345,3063,3065,-7.14
345.5,3068,3072,-7.31
346,3074,3078,-7.51
346.5,3080,3085,-7.87
347,3085,3092,-7.81
347.5,3091,3099,-7.65
348,3096,3106,-7.73
348.5,3102,3112,-7.6
349,3107,3119,-7.7
349.5,3113,3126,-7.66
350,3118,3133,-7.73
350.5,3124,3140,-7.7
351,3129,3147,-7.64
351.5,3135,3153,-7.76
352,3140,3160,-7.78
352.5,3146,3167,-7.64
353,3152,3174,-7.56
353.5,3157,3181,-7.51
354,3163,3188,-7.49
354.5,3168,3194,-7.77
355,3174,3201,-7.6
355.5,3179,3208,-7.57
356,3185,3215,-7.85
356.5,3190,3219,-7.81
357,3196,3223,-7.79
357.5,3201,3228,-7.72
358,3207,3232,-7.7
358.5,3212,3236,-7.52
359,3218,3240,-7.46
359.5,3221,3244,-7.64
360,3224,3248,-7.65
360.5,3226,3253,-7.76
361,3229,3257,-7.73
361.5,3232,3261,-7.79
362,3235,3265,-7.66
362.5,3238,3269,-7.75
363,3241,3273,-7.81
363.5,3243,3278,-7.8
364,3246,3282,-7.63
364.5,3249,3286,-7.78
365,3252,3290,-7.67
365.5,3255,3294,-7.74
366,3257,3298,-7.71
366.5,3260,3303,-7.72
367,3263,3307,-7.58
367.5,3266,3311,-7.45
368,3269,3315,-7.22
368.5,3271,3319,-7.37
369,3274,3322,-7.6
369.5,3277,3326,-7.75
370,3280,3329,-7.56
370.5,3283,3333,-7.53
371,3286,3336,-7.42
371.5,3288,3340,-7.59
372,3291,3343,-7.71
372.5,3294,3347,-7.52
373,3297,3350,-7.61
373.5,3300,3354,-7.54
374,3302,3358,-7.39
374.5,3305,3361,-7.54
375,3308,3365,-7.74
375.5,3315,3368,-7.62
376,3322,3372,-7.68
376.5,3329,3375,-7.68
377,3336,3379,-7.6
377.5,3343,3382,-7.61
378,3350,3386,-7.68
378.5,3357,3389,-7.87
379,3364,3393,-7.78
379.5,3371,3396,-7.79
380,3378,3400,-7.66
380.5,3385,3405,-7.68
381,3392,3411,-7.72
381.5,3399,3416,-7.74
382,3406,3421,-7.77
382.5,3412,3427,-7.79
383,3419,3432,-7.67
383.5,3426,3437,-7.69
384,3433,3443,-7.64
384.5,3440,3448,-7.7
385,3447,3453,-7.8
385.5,3454,3458,-7.75
386,3461,3464,-7.72
386.5,3468,3469,-7.77
387,3475,3474,-7.83
387.5,3482,3480,-7.77
388,3489,3485,-7.88
388.5,3496,3493,-7.79
389,3503,3501,-7.79
389.5,3510,3508,-7.86
390,3517,3516,-7.71
390.5,3524,3524,-7.85
391,3531,3532,-7.65
391.5,3538,3539,-7.85
392,3545,3547,-7.94
392.5,3552,3555,-7.74
393,3559,3563,-7.75
393.5,3566,3571,-7.72
394,3573,3578,-7.68
394.5,3580,3586,-7.78
395,3587,3594,-7.68
395.5,3594,3602,-7.79
396,3601,3609,-7.65
396.5,3608,3617,-7.75
397,3614,3625,-7.53
397.5,3621,3629,-7.7
398,3628,3633,-7.84
398.5,3635,3637,-7.67
399,3642,3641,-7.72
399.5,3649,3645,-7.95
400,3656,3649,-7.74
400.5,3663,3654,-7.71
401,3670,3658,-7.66
401.5,3677,3662,-7.72
402,3684,3666,-7.64
402.5,3691,3671,-7.56
403,3698,3675,-7.45
403.5,3705,3677,-7.78
404,3712,3680,-7.62
404.5,3715,3682,-7.74
405,3718,3685,-7.69
405.5,3721,3687,-7.83
406,3724,3689,-7.64
406.5,3727,3692,-7.68
407,3730,3694,-7.63
407.5,3733,3697,-7.79
408,3737,3699,-7.52
408.5,3740,3701,-7.62
409,3743,3704,-7.76
409.5,3746,3706,-7.74
410,3749,3709,-7.78
410.5,3752,3711,-7.58
411,3755,3713,-7.86
411.5,3758,3716,-7.66
412,3761,3718,-7.75
412.5,3764,3721,-7.84
413,3767,3723,-7.8
413.5,3770,3725,-7.67
414,3773,3728,-7.8
414.5,3776,3730,-7.78
415,3779,3733,-7.89
415.5,3782,3735,-7.9
416,3786,3741,-7.86
416.5,3789,3747,-7.87
417,3792,3753,-7.75
417.5,3795,3758,-7.82
418,3798,3764,-7.88
418.5,3801,3770,-7.66
419,3804,3776,-7.82
419.5,3807,3782,-7.91
420,3810,3788,-7.95
420.5,3813,3793,-7.97
421,3816,3799,-7.5
421.5,3819,3805,-7.61
422,3822,3809,-7.87
422.5,3825,3813,-7.9
423,3828,3817,-7.97
423.5,3832,3820,-7.92
424,3835,3824,-7.49
424.5,3838,3828,-7.98
425,3841,3832,-7.86
425.5,3844,3836,-7.91
426,3847,3839,-8.05
426.5,3850,3843,-7.97
427,3853,3847,-7.93
427.5,3856,3851,-7.75
428,3859,3855,-7.83
428.5,3862,3859,-7.71
429,3865,3862,-8.08
429.5,3868,3866,-7.69
430,3871,3870,-7.99
430.5,3874,3874,-7.88
431,3877,3878,-7.87
431.5,3881,3882,-7.96
432,3884,3885,-7.86
432.5,3887,3889,-7.98
433,3890,3893,-8.08
433.5,3893,3897,-8
434,3896,3901,-8.19
434.5,3899,3905,-8.13
435,3902,3908,-8.18
435.5,3907,3912,-8.07
436,3912,3916,-8.11
436.5,3917,3920,-8.15
437,3922,3924,-8.09
437.5,3927,3928,-7.99
438,3932,3931,-8.08
438.5,3937,3935,-7.99
439,3942,3939,-7.84
439.5,3947,3943,-7.94
440,3952,3947,-8.05
440.5,3956,3951,-8.08
441,3961,3954,-7.77
441.5,3966,3958,-7.78
442,3971,3962,-7.96
442.5,3976,3966,-7.78
443,3981,3970,-7.74
443.5,3986,3974,-7.85
444,3991,3977,-7.81
444.5,3996,3981,-7.73
445,4001,3985,-7.53
445.5,4005,3989,-7.72
446,4008,3993,-7.83
446.5,4012,3997,-7.82
447,4015,4000,-7.84
447.5,4019,4004,-7.73
448,4022,4008,-7.84
448.5,4026,4012,-7.72
449,4029,4016,-7.79
449.5,4033,4020,-7.67
450,4036,4023,-7.85
450.5,4040,4027,-7.89
451,4043,4031,-7.52
451.5,4047,4035,-7.61
452,4050,4039,-7.71
452.5,4054,4043,-8.03
453,4057,4046,-7.96
453.5,4061,4050,-7.94
454,4064,4054,-7.77
454.5,4068,4058,-7.96
455,4072,4062,-7.85
455.5,4075,4066,-7.91
456,4079,4069,-7.98
456.5,4082,4073,-7.92
457,4086,4077,-8.02
457.5,4089,4081,-7.87
458,4093,4085,-7.95
458.5,4096,4089,-7.7
459,4100,4092,-8
459.5,4103,4096,-7.91
460,4107,4100,-7.97
460.5,4110,4104,-7.76
461,4114,4108,-7.37
461.5,4117,4112,-7.48
462,4121,4115,-7.66
462.5,4124,4119,-7.79
463,4128,4123,-7.86
463.5,4131,4127,-7.74
464,4135,4131,-7.88
464.5,4139,4135,-7.83
465,4142,4138,-7.83
465.5,4146,4142,-7.8
466,4149,4146,-7.65
466.5,4153,4150,-7.7
467,4156,4154,-7.66
467.5,4160,4158,-7.87
468,4163,4161,-7.78
468.5,4167,4165,-7.81
469,4170,4169,-7.93
469.5,4174,4173,-7.78
470,4177,4177,-7.78
470.5,4181,4181,-7.84
471,4184,4184,-7.85
471.5,4188,4188,-7.87
472,4191,4192,-7.97
472.5,4195,4196,-8.08
473,4198,4200,-8.02
473.5,4202,4204,-8.04
474,4205,4207,-8.13
474.5,4209,4211,-8.07
475,4213,4215,-8.16
475.5,4216,4222,-8.06
476,4220,4229,-7.99
476.5,4223,4236,-8.1
477,4227,4243,-7.99
477.5,4230,4250,-8
478,4234,4257,-7.96
478.5,4237,4264,-8
479,4241,4271,-7.74
479.5,4244,4278,-7.76
480,4248,4285,-7.9
480.5,4251,4292,-7.83
481,4255,4298,-7.85
481.5,4258,4305,-7.81
482,4262,4312,-7.81
482.5,4265,4319,-7.72
483,4269,4326,-7.69
483.5,4272,4333,-7.81
484,4276,4340,-7.81
484.5,4285,4347,-7.76
485,4294,4354,-7.61
485.5,4302,4361,-7.69
486,4311,4368,-7.64
486.5,4320,4375,-7.66
487,4329,4381,-8.16
487.5,4338,4387,-7.95
488,4347,4393,-8.28
488.5,4355,4399,-7.79
489,4364,4405,-7.52
489.5,4373,4409,-8.06
490,4382,4413,-8.38
490.5,4391,4418,-8.38
491,4399,4422,-8.33
491.5,4408,4426,-8.39
492,4417,4430,-8.44
492.5,4420,4434,-8.34
493,4422,4438,-8.23
493.5,4425,4443,-8.41
494,4428,4447,-8.28
494.5,4430,4451,-8.37
495,4433,4455,-8.41
495.5,4436,4462,-8.36
496,4439,4468,-8.22
496.5,4441,4475,-8.16
497,4444,4482,-8.35
497.5,4447,4488,-8.22
498,4449,4495,-7.75
498.5,4452,4499,-7.91
499,4455,4504,-8.11
499.5,4457,4508,-8.07
500,4460,4513,-8.22
500.5,4463,4517,-8.13
501,4465,4522,-8.17
501.5,4468,4526,-8.12
502,4471,4531,-8.2
502.5,4473,4535,-8.32
503,4476,4538,-8.2
503.5,4479,4540,-8.21
504,4482,4543,-8.1
504.5,4484,4546,-7.95
505,4487,4549,-8.01
505.5,4490,4551,-7.97
506,4492,4554,-8.02
506.5,4495,4557,-8.07
507,4498,4560,-8.04
507.5,4500,4562,-8.03
508,4503,4565,-7.71
508.5,4506,4568,-7.87
509,4508,4570,-8.07
509.5,4511,4573,-8.13
510,4514,4576,-8.29
510.5,4516,4578,-8.18
511,4519,4581,-8.31
511.5,4522,4584,-8.23
512,4525,4586,-8.09
512.5,4527,4589,-8.19
513,4530,4592,-8.22
513.5,4533,4594,-8.18
514,4535,4597,-8.14
514.5,4538,4600,-8.26
515,4541,4602,-8.15
515.5,4543,4605,-8.02
516,4546,4611,-8.13
516.5,4551,4616,-8.1
517,4556,4622,-8.22
517.5,4561,4628,-8.27
518,4566,4633,-8.11
518.5,4571,4639,-8.26
519,4576,4645,-8.36
519.5,4581,4650,-8.32
520,4587,4656,-8.35
520.5,4592,4662,-8.42
521,4597,4667,-8.12
521.5,4602,4673,-8.1
522,4607,4679,-8
522.5,4612,4684,-8.2
523,4617,4690,-8.14
523.5,4622,4696,-8.19
524,4627,4701,-8.26
524.5,4632,4707,-8.25
525,4637,4713,-8.17
525.5,4642,4718,-8.23
526,4647,4724,-8.32
526.5,4652,4730,-8.23
527,4657,4735,-8.2
527.5,4663,4741,-8.1
528,4668,4747,-8.35
528.5,4673,4752,-8.2
529,4678,4758,-8.13
529.5,4683,4764,-8.16
530,4688,4769,-8.07
530.5,4693,4775,-7.98
531,4698,4780,-8.01
531.5,4703,4785,-8
532,4708,4789,-8.11
532.5,4713,4794,-8.18
533,4718,4799,-8.14
533.5,4723,4804,-8.04
534,4728,4808,-8.21
534.5,4734,4813,-8.07
535,4739,4818,-8.13
535.5,4744,4823,-8.23
536,4749,4827,-8.15
536.5,4754,4832,-8.22
537,4759,4837,-8.18
537.5,4764,4842,-8.15
538,4769,4846,-8.21
538.5,4774,4851,-8.11
539,4779,4856,-8.2
539.5,4784,4861,-8.22
540,4789,4865,-8.28
540.5,4794,4870,-8.37
541,4799,4875,-8.44
541.5,4804,4878,-8.28
542,4810,4881,-8.17
542.5,4815,4885,-8.1
543,4820,4888,-8.27
543.5,4825,4891,-8.06
544,4830,4894,-8.12
544.5,4835,4897,-8.35
545,4840,4901,-8.37
545.5,4845,4904,-8.14
546,4850,4907,-8.28
546.5,4855,4910,-8.28
547,4860,4913,-7.93
547.5,4865,4916,-7.99
548,4870,4920,-8.34
548.5,4875,4923,-8.14
549,4880,4926,-8.15
549.5,4886,4929,-8.16
550,4891,4932,-8.29
550.5,4896,4936,-8.29
551,4901,4939,-8.25
551.5,4906,4942,-8.14
552,4911,4945,-8.06
552.5,4916,4948,-8.01
553,4921,4952,-8.01
553.5,4925,4955,-8.11
554,4929,4958,-8.07
554.5,4933,4961,-8.24
555,4937,4964,-8.25
555.5,4941,4968,-8.21
556,4945,4971,-8.1
556.5,4949,4974,-8.03
557,4953,4977,-8.05
557.5,4957,4980,-8.13
558,4961,4984,-7.93
558.5,4965,4987,-7.83
559,4969,4990,-8.1
559.5,4973,4993,-8.11
560,4977,4996,-8.11
560.5,4981,4999,-8.36
561,4985,5003,-8.26
561.5,4989,5006,-8.15
562,4993,5009,-8.05
562.5,4997,5012,-8.14
563,5000,5015,-8.19
563.5,5004,5019,-8.01
564,5008,5022,-7.97
564.5,5012,5025,-7.9
565,5016,5032,-8.11
565.5,5020,5039,-8.18
566,5024,5046,-8.35
566.5,5028,5053,-8.3
567,5032,5060,-8.3
567.5,5036,5067,-8.34
568,5040,5074,-8.22
568.5,5044,5081,-8.08
569,5048,5088,-8.48
569.5,5052,5095,-8.44
570,5056,5099,-8.31
570.5,5060,5103,-7.94
571,5064,5107,-8.1
571.5,5068,5110,-8.13
572,5072,5114,-8.17
572.5,5077,5118,-8.08
573,5082,5122,-8
573.5,5087,5126,-8.24
574,5092,5130,-8.27
574.5,5097,5133,-8.31
575,5103,5137,-8.38
575.5,5108,5141,-8.4
576,5113,5145,-8.22
576.5,5118,5150,-8.34
577,5123,5155,-8.34
577.5,5128,5159,-8.23
578,5133,5164,-8.2
578.5,5138,5169,-8.29
579,5143,5174,-8.35
579.5,5148,5178,-8.32
580,5154,5183,-8.38
580.5,5159,5188,-8.44
581,5164,5193,-8.48
581.5,5169,5198,-8.43
582,5174,5202,-8.24
582.5,5179,5207,-8.37
583,5184,5212,-8.36
583.5,5189,5217,-8.37
584,5194,5222,-8.2
584.5,5199,5226,-8.35
585,5204,5231,-8.25
585.5,5210,5236,-8.26
586,5215,5241,-7.99
586.5,5220,5245,-8.15
587,5225,5250,-8.37
587.5,5230,5255,-8.29
588,5235,5261,-8.37
588.5,5240,5267,-8.16
589,5245,5273,-8.09
589.5,5250,5280,-8.17
590,5255,5286,-8.36
590.5,5261,5292,-8.29
591,5266,5298,-8.3
591.5,5271,5304,-8.29
592,5276,5310,-8.34
592.5,5281,5317,-8.24
593,5286,5323,-8.32
593.5,5291,5329,-8.41
594,5296,5335,-8.52
594.5,5301,5338,-8.32
595,5306,5342,-8.27
595.5,5311,5345,-8.25
596,5317,5348,-8.32
596.5,5322,5352,-8.29
597,5327,5355,-8.33
597.5,5332,5358,-8.26
598,5337,5362,-8.37
598.5,5342,5365,-8.24
599,5347,5369,-8.32
599.5,5352,5372,-8.31
600,5357,5375,-8.22
600.5,5362,5379,-8.28
601,5367,5382,-8.2
601.5,5373,5385,-8.2
601.8,5375,5387,-8.08
602,5377,5388,-8.04
602,5378,5389,-8.12
602.2,5379,5390,-8.06
602.4,5381,5391,-7.98
602.5,5383,5392,-8.1
602.8,5385,5394,-8.02
603,5387,5395,-7.95
603,5388,5395,-8.09
603.2,5389,5397,-8.09
603.4,5391,5398,-8.1
603.5,5393,5399,-8.18
604,5398,5403,-8.19
604.5,5403,5407,-8.3
605,5408,5411,-8.36
605.5,5413,5415,-8.2
606,5418,5417,-8.21
606.5,5424,5419,-8.33
607,5429,5422,-8.21
607.5,5434,5424,-8.29
608,5439,5426,-8.24
608.5,5444,5428,-8.28
609,5449,5431,-8.13
609.5,5458,5433,-8.17
610,5467,5435,-7.9
610.5,5476,5441,-7.98
611,5485,5447,-8.37
611.5,5493,5452,-7.99
612,5502,5458,-8.13
612.5,5511,5464,-8.55
612.8,5516,5467,-8.34
613,5519,5469,-8.25
613,5520,5470,-8.14
613.2,5523,5472,-8.1
613.4,5526,5474,-8.16
613.5,5529,5476,-8.17
613.8,5533,5479,-8.58
614,5537,5481,-8.31
614,5538,5482,-8.36
614.2,5540,5483,-8.51
614.4,5544,5486,-8.66
614.5,5547,5487,-8.17
614.8,5551,5490,-8.64
615,5555,5493,-8.52
615,5556,5493,-8.31
615.2,5558,5495,-8.66
615.4,5562,5501,-8.48
615.5,5564,5505,-8.37
615.8,5569,5513,-8.47
616,5572,5519,-8.49
616,5573,5520,-8.16
616.2,5576,5525,-8.38
616.4,5579,5531,-8.23
616.5,5582,5535,-8.14
616.8,5587,5543,-8.41
617,5590,5549,-8.21
617,5591,5550,-8.1
617.2,5593,5555,-8.18
617.4,5595,5561,-8.23
617.5,5597,5565,-8.01
618,5602,5571,-8.08
618.5,5608,5577,-8.27
619,5613,5583,-8.13
619.5,5619,5589,-8.32
620,5625,5595,-8.3
620.5,5630,5600,-8.36
621,5636,5606,-8.29
621.5,5641,5612,-8.24
622,5647,5618,-8.22
622.5,5652,5624,-8.02
623,5658,5630,-8.26
623.5,5664,5636,-8.11
624,5669,5642,-8.28
624.5,5675,5648,-8.26
625,5680,5654,-8.15
625.5,5686,5660,-8.14
626,5692,5665,-8.25
626.5,5697,5671,-8.31
627,5703,5677,-8.42
627.5,5708,5683,-8.42
628,5714,5689,-8.36
628.5,5720,5695,-8.32
629,5725,5701,-8.44
629.5,5731,5707,-8.33
630,5736,5713,-8.35
630.5,5742,5719,-8.3
631,5747,5725,-8.37
631.5,5753,5730,-8.4
632,5759,5736,-8.3
632.5,5764,5742,-8.42
633,5770,5748,-8.23
633.5,5775,5754,-8.51
634,5781,5760,-8.5
634.5,5786,5762,-8.44
635,5791,5763,-8.45
635.5,5796,5765,-8.44
636,5801,5766,-8.37
636.5,5806,5768,-8.34
637,5812,5769,-8.37
637.5,5817,5771,-8.49
638,5822,5772,-8.38
638.5,5827,5774,-8.69
639,5832,5775,-8.72
639.5,5837,5780,-8.69
640,5842,5785,-8.52
640.5,5847,5791,-8.68
641,5852,5796,-8.58
641.5,5857,5801,-8.51
642,5862,5806,-8.62
642.5,5867,5812,-8.49
643,5873,5817,-8.36
643.5,5878,5822,-8.46
644,5883,5827,-8.41
644.5,5888,5833,-8.5
645,5893,5838,-8.52
645.5,5898,5843,-8.43
646,5903,5848,-8.56
646.5,5908,5854,-8.49
647,5913,5859,-8.6
647.5,5918,5864,-8.52
648,5923,5869,-8.53
648.5,5929,5875,-8.49
649,5934,5880,-8.35
649.5,5939,5885,-8.13
650,5944,5890,-8.41
650.5,5949,5895,-8.43
651,5954,5900,-8.4
651.5,5959,5905,-8.31
652,5964,5910,-8.38
652.5,5969,5915,-8.4
653,5974,5920,-8.39
653.5,5979,5925,-8.42
654,5985,5930,-8.46
654.5,5990,5935,-8.36
655,5995,5940,-8.54
655.5,6000,5945,-8.48
656,6005,5950,-8.53
656.5,6010,5955,-8.57
657,6015,5960,-8.54
657.5,6020,5965,-8.55
658,6025,5970,-8.48
658.5,6030,5975,-8.4
659,6035,5980,-8.42
659.5,6040,5985,-8.3
660,6046,5990,-8.46
660.5,6051,5995,-8.32
661,6056,6000,-8.56
661.5,6061,6005,-8.66
662,6066,6012,-8.44
662.5,6071,6019,-8.44
663,6076,6025,-8.47
663.5,6081,6032,-8.31
664,6086,6039,-8.38
664.5,6091,6046,-8.41
665,6096,6053,-8.34
665.5,6102,6060,-8.27
666,6107,6066,-8.19
666.5,6112,6073,-8.19
667,6117,6080,-8.07
667.5,6122,6087,-8.13
668,6127,6094,-8.03
668.5,6132,6100,-8.24
669,6137,6107,-8.45
669.5,6142,6114,-8.46
670,6147,6121,-8.45
670.5,6152,6128,-8.35
671,6157,6135,-8.31
671.5,6163,6141,-8.37
672,6168,6148,-8.26
672.5,6173,6155,-7.94
673,6178,6161,-8.13
673.5,6183,6167,-8.13
674,6188,6173,-8.34
674.5,6190,6179,-8.13
675,6193,6186,-8.29
675.5,6195,6192,-8.34
676,6198,6198,-8.31
676.5,6200,6204,-8.3
676.7,6201,6206,-8.34
677,6203,6210,-8.43
677.2,6204,6212,-7.8
677.5,6205,6216,-7.36
677.5,6205,6216,-7.24
677.6,6206,6217,-7.18
677.7,6206,6219,-7.43
678,6208,6222,-8.65
678.5,6210,6228,-8.15
679,6213,6234,-8.04
679.5,6215,6241,-8.12
680,6218,6247,-8.3
680.5,6220,6253,-8.18
681,6223,6259,-8.14
681.5,6225,6265,-8.21
682,6227,6268,-8
682.5,6230,6270,-8.15
683,6232,6273,-8.2
683.5,6235,6275,-8.35
684,6237,6278,-8.3
684.5,6240,6280,-8.44
685,6242,6283,-8.52
685.5,6245,6285,-8.35
686,6247,6288,-8.41
686.5,6250,6290,-8.43
687,6252,6293,-8.42
687.5,6255,6295,-8.45
688,6257,6298,-8.43
688.5,6261,6300,-8.49
689,6264,6303,-8.48
689.3,6266,6304,-8.48
689.5,6268,6305,-8.25
689.8,6270,6306,-8.35
690,6271,6308,-8.37
690.3,6273,6309,-8.38
690.5,6275,6310,-8.45
690.8,6277,6311,-8.42
691,6279,6313,-8.55
691.5,6282,6315,-8.61
692,6286,6319,-8.54
692.5,6289,6324,-8.44
693,6293,6328,-8.37
693.5,6296,6333,-8.39
694,6300,6337,-8.35
694.5,6304,6342,-8.25
695,6307,6346,-8.39
695.5,6311,6351,-8.28
696,6314,6355,-8.36
696.5,6318,6359,-8.25
697,6322,6364,-8.3
697.5,6325,6368,-8.39
698,6329,6373,-8.29
698.5,6332,6377,-8.39
699,6336,6382,-8.37
699.5,6339,6386,-8.21
700,6343,6391,-8.27
700.5,6347,6395,-8.15
701,6350,6398,-8.37
701.5,6354,6401,-8.24
702,6357,6404,-8.5
702.5,6361,6407,-8.43
703,6365,6410,-8.54
703.5,6368,6413,-8.5
704,6372,6417,-8.51
704.5,6375,6420,-8.54
705,6379,6423,-8.49
705.5,6382,6426,-8.4
706,6386,6429,-8.36
706.5,6390,6432,-8.34
707,6393,6435,-8.32
707.5,6397,6438,-8.45
708,6400,6441,-8.4
708.5,6404,6444,-8.4
709,6408,6447,-8.33
709.5,6411,6450,-8.39
710,6415,6453,-8.47
710.5,6418,6457,-8.44
711,6422,6460,-8.62
711.5,6426,6463,-8.62
712,6429,6466,-8.6
712.5,6433,6469,-8.62
713,6436,6472,-8.58
713.5,6440,6475,-8.6
714,6443,6478,-8.52
714.5,6447,6481,-8.53
715,6451,6484,-8.52
715.5,6454,6487,-8.55
716,6458,6490,-8.41
716.5,6461,6493,-8.43
717,6465,6497,-8.74
717.5,6469,6500,-8.69
718,6472,6503,-8.64
718.5,6476,6506,-8.58
719,6479,6509,-8.55
719.5,6483,6512,-8.68
720,6486,6515,-8.78
720.5,6490,6518,-8.62
721,6494,6521,-8.62
721.5,6497,6524,-8.6
722,6501,6527,-8.66
722.5,6504,6530,-8.64
723,6508,6533,-8.61
723.5,6512,6537,-8.6
724,6515,6540,-8.64
724.5,6519,6543,-8.63
725,6522,6546,-8.65
725.5,6526,6549,-8.6
726,6529,6552,-8.65
726.5,6533,6555,-8.37
727,6537,6558,-8.6
727.5,6540,6561,-8.58
728,6544,6564,-8.57
728.5,6547,6567,-8.41
729,6551,6570,-8.41
729.5,6555,6573,-8.68
730,6558,6577,-8.6
730.5,6562,6580,-8.6
731,6565,6583,-8.54
731.5,6569,6586,-8.56
732,6572,6589,-8.47
732.5,6576,6592,-8.6
733,6580,6595,-8.59
733.5,6583,6598,-8.6
734,6587,6601,-8.63
734.5,6590,6604,-8.51
735,6594,6607,-8.57
735.5,6598,6610,-8.65
736,6602,6613,-8.59
736.5,6607,6617,-8.63
737,6611,6620,-8.68
737.5,6615,6623,-8.61
738,6619,6626,-8.44
738.5,6623,6629,-8.49
739,6628,6632,-8.6
739.5,6632,6635,-8.22
740,6636,6638,-8.46
740.5,6640,6641,-8.66
741,6644,6644,-8.79
741.5,6649,6647,-8.72
742,6653,6650,-8.7
742.5,6657,6653,-8.64
743,6661,6657,-8.77
743.5,6665,6660,-8.74
744,6670,6663,-8.67
744.5,6674,6666,-8.65
745,6678,6669,-8.51
745.5,6682,6672,-8.51
746,6686,6675,-8.33
746.5,6691,6678,-8.56
747,6695,6681,-8.57
747.5,6699,6684,-8.7
748,6703,6687,-8.53
748.5,6707,6690,-8.62
749,6712,6693,-8.54
749.5,6716,6697,-8.43
750,6720,6700,-8.44
750.5,6724,6703,-8.51
751,6728,6706,-8.52
751.5,6733,6709,-8.78
752,6737,6712,-8.43
752.5,6741,6715,-8.34
753,6745,6718,-8.48
753.5,6749,6721,-8.44
754,6754,6725,-8.26
754.5,6758,6728,-8.44
755,6762,6731,-8.27
755.5,6767,6734,-8.4
756,6772,6738,-8.5
756.5,6777,6741,-8.46
757,6782,6744,-8.41
757.5,6787,6747,-8.29
758,6792,6751,-8.24
758.5,6797,6754,-8.42
759,6802,6757,-8.69
759.5,6806,6760,-8.6
759.8,6809,6762,-8.74
760,6811,6764,-8.67
760.3,6814,6765,-8.71
760.5,6816,6767,-8.65
760.8,6819,6769,-8.65
761,6821,6770,-8.7
761.3,6824,6772,-8.74
761.5,6826,6773,-8.54
761.8,6829,6775,-8.46
762,6831,6778,-8.53
762.3,6834,6781,-8.69
762.5,6836,6783,-8.7
762.8,6839,6786,-8.7
763,6841,6789,-8.71
763.3,6844,6792,-8.76
763.5,6846,6795,-8.62
763.8,6848,6797,-8.71
764,6851,6800,-8.59
764.3,6853,6803,-8.68
764.5,6856,6806,-8.64
764.8,6858,6809,-8.81
765,6861,6811,-8.78
765.3,6863,6814,-8.77
765.5,6866,6817,-8.64
765.8,6868,6820,-8.88
766,6871,6823,-8.71
766.3,6873,6825,-8.82
766.5,6876,6828,-8.7
766.8,6878,6831,-8.79
767,6881,6834,-8.63
767.3,6883,6837,-8.55
767.5,6886,6839,-8.57
767.8,6888,6842,-8.53
768,6890,6845,-8.44
768.3,6893,6849,-8.66
768.5,6895,6853,-8.56
768.8,6898,6857,-8.74
769,6900,6861,-8.55
769.3,6903,6864,-8.5
769.5,6905,6868,-8.44
769.8,6908,6872,-8.73
770,6910,6876,-8.67
770.3,6913,6880,-8.76
770.5,6915,6884,-8.57
770.8,6918,6888,-8.72
771,6920,6892,-8.62
771.3,6923,6895,-8.74
771.5,6925,6899,-8.55
771.8,6927,6903,-8.79
772,6930,6907,-8.76
772.3,6932,6911,-8.8
772.5,6935,6915,-8.66
772.8,6937,6919,-8.81
773,6940,6923,-8.74
773.3,6942,6926,-8.87
773.5,6945,6930,-8.79
773.8,6947,6934,-8.83
774,6950,6938,-8.97
774.3,6952,6942,-8.92
774.5,6955,6946,-8.9
774.8,6957,6950,-8.77
775,6960,6954,-8.87
775.3,6962,6957,-8.93
775.5,6965,6961,-8.91
775.8,6967,6965,-9.01
776,6969,6969,-8.93
776.3,6972,6973,-8.94
776.5,6974,6977,-8.9
776.8,6977,6981,-9.07
777,6979,6985,-9.02
777.3,6982,6988,-9.06
777.5,6984,6992,-8.98
777.8,6987,6996,-9.05
778,6989,7000,-9.04
778.3,6992,7004,-8.99
778.5,6994,7008,-9
778.8,6997,7012,-8.99
779,6999,7016,-9.05
779.3,7002,7019,-9
779.5,7004,7023,-8.97
779.8,7007,7027,-8.97
780,7009,7031,-9.07
780.3,7012,7035,-9.14
780.5,7015,7037,-9.08
780.8,7018,7040,-9.09
781,7021,7042,-9.05
781.3,7023,7044,-9.05
781.5,7026,7047,-8.88
782,7032,7051,-8.94
782.5,7038,7056,-8.92
783,7044,7060,-8.89
783.5,7049,7065,-8.91
784,7055,7070,-8.76
784.5,7061,7074,-8.8
785,7067,7079,-8.84
785.5,7072,7083,-8.86
786,7078,7088,-8.83
786.5,7084,7093,-8.8
787,7090,7097,-8.87
787.5,7095,7102,-8.96
788,7101,7107,-9.1
788.5,7107,7111,-8.93
789,7113,7116,-8.97
789.5,7118,7120,-8.97
790,7124,7125,-8.86
790.5,7130,7130,-8.97
791,7136,7134,-8.85
791.5,7141,7139,-8.72
792,7147,7143,-8.88
792.5,7153,7148,-8.8
793,7159,7153,-8.79
793.5,7164,7157,-8.73
794,7170,7162,-8.83
794.5,7176,7167,-8.81
795,7182,7171,-8.76
795.5,7187,7176,-8.73
796,7193,7180,-8.69
796.5,7199,7185,-8.66
797,7205,7190,-8.46
797.5,7210,7194,-8.57
798,7216,7199,-8.6
798.5,7222,7203,-8.53
799,7228,7208,-8.27
799.5,7233,7213,-8.2
800,7239,7217,-8.69
800.5,7245,7222,-8.45
801,7251,7227,-8.46
801.5,7256,7231,-8.42
802,7262,7236,-8.37
802.5,7268,7240,-8.36
803,7274,7245,-8.36
803.5,7279,7250,-8.54
804,7285,7256,-8.49
804.5,7291,7261,-8.52
805,7297,7266,-8.61
805.5,7302,7272,-8.67
806,7308,7277,-8.7
806.5,7314,7282,-8.65
807,7320,7288,-8.67
807.5,7325,7293,-8.54
808,7331,7298,-8.31
808.5,7337,7304,-8.48
809,7343,7309,-8.6
809.5,7348,7314,-8.69
810,7354,7320,-8.67
810.5,7360,7325,-8.68
811,7366,7330,-8.77
811.5,7371,7336,-8.73
812,7377,7341,-8.55
812.5,7383,7346,-8.47
813,7389,7352,-8.83
813.5,7394,7357,-8.83
814,7400,7362,-8.74
814.5,7406,7368,-8.85
815,7412,7373,-8.68
815.5,7417,7378,-8.81
816,7423,7384,-8.68
816.5,7429,7389,-8.77
817,7435,7394,-8.71
817.5,7440,7400,-8.71
818,7446,7405,-8.47
818.5,7452,7410,-8.58
819,7458,7416,-8.74
819.5,7463,7421,-8.6
820,7469,7427,-8.65
820.5,7475,7432,-8.85
821,7481,7437,-8.51
821.5,7486,7443,-8.71
822,7492,7448,-8.71
822.5,7499,7453,-8.69
823,7505,7459,-8.6
823.5,7512,7464,-8.57
824,7519,7470,-8.61
824.5,7525,7475,-8.63
825,7532,7480,-8.7
825.5,7539,7486,-8.57
826,7545,7491,-8.65
826.5,7552,7497,-8.61
827,7558,7502,-8.68
827.5,7565,7507,-8.73
828,7572,7513,-8.68
828.5,7578,7518,-8.77
829,7585,7523,-8.96
829.5,7592,7529,-9.09
830,7598,7534,-8.85
830.5,7605,7540,-8.69
831,7612,7545,-8.54
831.5,7618,7552,-8.65
832,7625,7560,-8.91
832.5,7632,7567,-8.91
833,7638,7575,-8.9
833.5,7645,7582,-8.88
834,7652,7590,-8.88
834.5,7658,7597,-8.84
835,7665,7605,-8.95
835.5,7671,7612,-8.9
836,7678,7620,-8.72
836.5,7685,7627,-8.73
837,7691,7635,-8.51
837.5,7698,7642,-8.56
838,7705,7650,-8.38
838.5,7711,7657,-8.33
839,7718,7665,-8.24
839.5,7723,7672,-8.55
840,7728,7680,-8.5
840.5,7733,7687,-8.64
841,7738,7694,-8.61
841.5,7743,7702,-8.64
842,7747,7709,-8.76
842.5,7752,7717,-8.67
843,7757,7724,-8.83
843.5,7762,7732,-8.82
844,7767,7739,-8.85
844.5,7772,7747,-8.85
845,7777,7754,-8.84
845.5,7782,7762,-8.84
846,7787,7769,-8.73
846.5,7792,7777,-8.69
847,7797,7784,-8.71
847.5,7801,7792,-8.78
848,7806,7799,-8.76
848.5,7811,7807,-8.68
849,7816,7814,-8.78
849.5,7821,7822,-8.7
850,7826,7829,-8.72
850.5,7831,7837,-8.73
851,7836,7844,-8.82
851.5,7841,7851,-8.9
852,7846,7859,-8.85
852.5,7850,7866,-8.95
853,7855,7874,-8.86
853.5,7860,7881,-8.85
854,7865,7889,-8.93
854.3,7868,7893,-8.69
854.5,7870,7896,-8.73
854.8,7873,7900,-8.63
855,7875,7904,-8.71
855.3,7879,7908,-8.71
855.5,7883,7911,-8.62
855.8,7887,7915,-8.57
856,7891,7921,-8.65
856.3,7895,7927,-8.59
856.5,7900,7933,-8.74
856.8,7904,7940,-8.72
857,7908,7946,-8.85
857.3,7912,7952,-8.73
857.5,7916,7958,-8.78
857.8,7920,7964,-8.6
858,7924,7970,-8.58
858.3,7928,7976,-8.64
858.5,7932,7982,-8.79
858.8,7936,7989,-8.64
859,7940,7995,-8.72
859.3,7944,8001,-8.65
859.5,7949,8007,-8.81
859.8,7953,8013,-8.78
860,7957,8019,-8.78
860.3,7961,8025,-8.71
860.5,7965,8031,-8.84
860.8,7969,8038,-8.73
861,7973,8044,-8.7
861.3,7977,8050,-8.64
861.5,7981,8056,-8.81
861.8,7985,8062,-8.65
862,7989,8068,-8.78
862.3,7993,8074,-8.62
862.5,7998,8080,-8.62
862.8,8002,8087,-8.57
863,8006,8093,-8.37
863.3,8010,8099,-7.94
863.5,8014,8105,-7.96
863.8,8018,8107,-7.97
864,8022,8109,-8.1
864.3,8026,8112,-8.21
864.5,8030,8114,-8.28
864.8,8034,8116,-8.27
865,8038,8118,-8.4
865.3,8042,8121,-8.53
865.5,8046,8123,-8.41
865.8,8050,8125,-8.39
866,8054,8127,-8.25
866.3,8058,8129,-8.43
866.5,8062,8132,-8.5
866.8,8066,8134,-8.49
867,8070,8136,-8.37
867.3,8074,8138,-8.57
867.5,8078,8141,-8.49
867.8,8082,8143,-8.41
868,8086,8145,-8.34
868.3,8090,8150,-8.51
868.5,8094,8156,-8.35
868.8,8098,8161,-8.47
869,8102,8166,-8.48
869.3,8106,8172,-8.55
869.5,8110,8177,-8.5
869.8,8114,8182,-8.57
870,8118,8188,-8.37
870.3,8122,8193,-8.78
870.5,8125,8198,-8.33
870.8,8129,8204,-8.66
871,8133,8209,-8.42
871.3,8136,8214,-8.66
871.5,8140,8220,-8.56
871.8,8143,8225,-8.69
872,8147,8229,-8.34
872.3,8151,8233,-8.48
872.5,8154,8238,-8.26
872.8,8158,8242,-8.64
873,8162,8246,-8.48
873.5,8169,8250,-8.49
873.7,8172,8254,-8.19
874,8176,8258,-8.38
874.2,8179,8263,-8.22
874.5,8184,8267,-8.27
874.7,8186,8271,-8.27
875,8191,8275,-8.13
875.2,8194,8280,-8.27
875.5,8198,8284,-8.14
875.7,8201,8289,-8.28
876,8205,8293,-8.48
876.2,8208,8298,-8.16
876.5,8213,8302,-8.24
876.7,8216,8307,-8.24
877,8220,8311,-8.2
877.2,8223,8316,-8.39
877.5,8227,8320,-8.26
877.7,8230,8325,-8.19
878,8234,8329,-8.45
878.2,8237,8332,-8.35
878.5,8242,8336,-8.35
878.7,8245,8339,-8.27
879,8249,8343,-8.3
879.2,8251,8346,-8.48
879.5,8253,8350,-8.41
879.7,8254,8353,-8.43
880,8257,8357,-8.48
880.2,8258,8360,-8.61
880.5,8261,8364,-8.45
880.7,8262,8367,-8.53
881,8264,8372,-8.46
881.2,8266,8374,-8.48
881.5,8268,8379,-8.51
881.7,8270,8381,-8.52
882,8272,8386,-8.64
882.5,8276,8393,-8.67
883,8280,8400,-8.63
883.5,8284,8407,-8.75
884,8288,8414,-8.78
884.5,8291,8421,-8.77
885,8295,8428,-8.78
885.5,8299,8435,-8.8
886,8303,8438,-8.88
886.5,8307,8442,-8.99
887,8311,8445,-8.88
887.5,8315,8448,-8.98
888,8318,8451,-8.88
888.5,8322,8455,-8.82
889,8326,8458,-8.83
889.5,8330,8461,-8.54
890,8334,8464,-8.58
890.5,8338,8468,-8.69
891,8342,8471,-8.66
891.5,8346,8474,-8.67
892,8349,8477,-8.46
892.5,8353,8481,-8.56
893,8357,8484,-8.72
893.5,8361,8487,-8.83
894,8365,8490,-8.88
894.5,8369,8494,-8.78
895,8373,8497,-8.83
895.5,8376,8500,-8.83
896,8380,8503,-8.79
896.5,8384,8507,-8.74
897,8388,8510,-8.8
897.5,8392,8513,-8.69
898,8396,8517,-8.54
898.5,8400,8520,-8.68
899,8403,8523,-8.65
899.5,8407,8526,-8.62
900,8411,8530,-8.6
900.5,8415,8533,-8.71
901,8419,8536,-8.73
901.5,8423,8539,-8.68
902,8427,8543,-8.87
902.5,8430,8546,-8.8
903,8434,8549,-8.82
903.5,8438,8552,-8.83
904,8442,8556,-8.71
904.5,8447,8559,-8.69
905,8453,8562,-8.81
905.5,8458,8565,-8.83
906,8464,8569,-8.67
906.5,8469,8572,-8.8
907,8474,8575,-8.77
907.5,8480,8578,-8.78
908,8485,8582,-8.71
908.5,8491,8585,-8.65
909,8496,8591,-8.87
909.5,8502,8597,-9.01
910,8507,8603,-8.97
910.5,8512,8610,-9
911,8518,8616,-9.01
911.5,8523,8622,-8.85
912,8529,8628,-8.81
912.5,8534,8634,-8.6
913,8539,8640,-8.72
913.5,8545,8647,-8.69
914,8550,8653,-8.81
914.5,8556,8659,-8.6
915,8561,8665,-8.95
915.5,8567,8667,-8.8
916,8572,8669,-8.9
916.5,8577,8671,-8.75
917,8583,8673,-8.8
917.5,8588,8675,-8.8
918,8594,8677,-8.79
918.5,8599,8679,-8.84
919,8604,8682,-8.72
919.5,8610,8684,-8.78
920,8615,8686,-8.65
920.5,8621,8688,-8.84
921,8626,8690,-8.73
921.5,8631,8692,-8.77
922,8637,8694,-8.65
922.5,8642,8696,-8.74
923,8648,8698,-8.6
923.5,8653,8700,-8.65
924,8659,8702,-8.46
924.5,8664,8704,-8.62
925,8669,8706,-8.69
925.5,8675,8708,-8.63
926,8680,8711,-8.59
926.5,8686,8713,-8.63
927,8691,8715,-8.58
927.5,8693,8717,-8.33
928,8695,8719,-8.84
928.5,8698,8721,-8.79
929,8700,8723,-8.8
929.5,8702,8725,-8.87
930,8704,8727,-8.79
930.5,8706,8729,-8.81
931,8709,8732,-8.84
931.5,8711,8734,-8.72
932,8713,8736,-8.67
932.5,8715,8738,-8.76
933,8718,8741,-8.76
933.5,8720,8743,-8.72
934,8722,8745,-8.69
934.5,8724,8747,-8.71
935,8726,8749,-8.78
935.5,8729,8752,-8.79
936,8731,8754,-8.71
936.5,8733,8756,-8.59
937,8735,8758,-8.81
937.5,8737,8761,-8.74
938,8740,8763,-8.85
938.5,8742,8765,-8.61
939,8744,8768,-8.67
939.5,8746,8771,-8.72
940,8749,8774,-8.74
940.5,8751,8776,-8.7
941,8753,8779,-8.86
941.5,8755,8782,-8.96
942,8757,8785,-9.01
942.5,8760,8788,-8.91
943,8762,8791,-9.02
943.5,8764,8794,-8.9
944,8766,8796,-9.01
944.5,8768,8799,-8.83
945,8771,8802,-8.97
945.5,8773,8805,-9.02
946,8775,8808,-8.92
946.5,8777,8811,-8.94
947,8779,8814,-8.92
947.5,8782,8816,-8.97
948,8784,8819,-8.93
948.5,8786,8822,-8.98
949,8788,8825,-8.99
949.5,8791,8826,-8.94
950,8793,8826,-8.92
950.5,8795,8827,-8.86
951,8797,8828,-8.78
951.5,8799,8828,-8.75
952,8802,8829,-8.8
952.5,8804,8829,-8.71
953,8806,8830,-8.75
953.5,8808,8831,-8.67
954,8810,8831,-8.66
954.5,8813,8832,-8.6
955,8815,8833,-8.63
955.5,8817,8833,-8.54
956,8819,8834,-8.59
956.5,8822,8834,-8.47
957,8824,8835,-8.47
957.5,8826,8839,-8.58
958,8828,8843,-8.63
958.5,8830,8847,-8.68
959,8833,8851,-8.65
959.5,8835,8855,-8.69
960,8837,8860,-8.57
960.5,8839,8864,-8.65
961,8841,8868,-8.46
961.5,8844,8872,-8.79
962,8846,8876,-8.63
962.5,8848,8880,-8.5
